group,band,feature_1,feature_2,spearman_r,abs_spearman_r
ADHD,delta,frontal_delta_power_mean,central_delta_power_mean,0.6941829719725013,0.6941829719725013
ADHD,delta,frontal_delta_power_mean,temporal_delta_power_mean,0.5407191961924908,0.5407191961924908
ADHD,delta,frontal_delta_power_mean,parietal_delta_power_mean,0.6496033844526705,0.6496033844526705
ADHD,delta,frontal_delta_power_mean,occipital_delta_power_mean,0.7219460602855632,0.7219460602855632
ADHD,delta,central_delta_power_mean,temporal_delta_power_mean,0.5836065573770491,0.5836065573770491
ADHD,delta,central_delta_power_mean,parietal_delta_power_mean,0.7176097303014278,0.7176097303014278
ADHD,delta,central_delta_power_mean,occipital_delta_power_mean,0.6817028027498678,0.6817028027498678
ADHD,delta,temporal_delta_power_mean,parietal_delta_power_mean,0.5369645690111052,0.5369645690111052
ADHD,delta,temporal_delta_power_mean,occipital_delta_power_mean,0.5290322580645161,0.5290322580645161
ADHD,delta,parietal_delta_power_mean,occipital_delta_power_mean,0.7746166049709149,0.7746166049709149
Control,delta,frontal_delta_power_mean,central_delta_power_mean,0.7120311197554876,0.7120311197554876
Control,delta,frontal_delta_power_mean,temporal_delta_power_mean,0.4459572103362045,0.4459572103362045
Control,delta,frontal_delta_power_mean,parietal_delta_power_mean,0.7898860794665185,0.7898860794665185
Control,delta,frontal_delta_power_mean,occipital_delta_power_mean,0.8007779938871908,0.8007779938871908
Control,delta,central_delta_power_mean,temporal_delta_power_mean,0.73098082800778,0.73098082800778
Control,delta,central_delta_power_mean,parietal_delta_power_mean,0.8437899416504585,0.8437899416504585
Control,delta,central_delta_power_mean,occipital_delta_power_mean,0.7886079466518477,0.7886079466518477
Control,delta,temporal_delta_power_mean,parietal_delta_power_mean,0.6450680744651291,0.6450680744651291
Control,delta,temporal_delta_power_mean,occipital_delta_power_mean,0.656849124756877,0.656849124756877
Control,delta,parietal_delta_power_mean,occipital_delta_power_mean,0.8758544040011115,0.8758544040011115
ADHD,theta,frontal_theta_power_mean,central_theta_power_mean,0.6378106821787414,0.6378106821787414
ADHD,theta,frontal_theta_power_mean,temporal_theta_power_mean,0.5073506081438393,0.5073506081438393
ADHD,theta,frontal_theta_power_mean,parietal_theta_power_mean,0.7351665785298783,0.7351665785298783
ADHD,theta,frontal_theta_power_mean,occipital_theta_power_mean,0.5579587519830778,0.5579587519830778
ADHD,theta,central_theta_power_mean,temporal_theta_power_mean,0.5724484399788472,0.5724484399788472
ADHD,theta,central_theta_power_mean,parietal_theta_power_mean,0.6794817556848228,0.6794817556848228
ADHD,theta,central_theta_power_mean,occipital_theta_power_mean,0.4445267054468535,0.4445267054468535
ADHD,theta,temporal_theta_power_mean,parietal_theta_power_mean,0.5347435219460603,0.5347435219460603
ADHD,theta,temporal_theta_power_mean,occipital_theta_power_mean,0.5194077207826546,0.5194077207826546
ADHD,theta,parietal_theta_power_mean,occipital_theta_power_mean,0.6817028027498678,0.6817028027498678
Control,theta,frontal_theta_power_mean,central_theta_power_mean,0.7504862461794943,0.7504862461794943
Control,theta,frontal_theta_power_mean,temporal_theta_power_mean,0.6505140316754654,0.6505140316754654
Control,theta,frontal_theta_power_mean,parietal_theta_power_mean,0.8478466240622395,0.8478466240622395
Control,theta,frontal_theta_power_mean,occipital_theta_power_mean,0.7214226173937205,0.7214226173937205
Control,theta,central_theta_power_mean,temporal_theta_power_mean,0.7977215893303695,0.7977215893303695
Control,theta,central_theta_power_mean,parietal_theta_power_mean,0.8209502639622117,0.8209502639622117
Control,theta,central_theta_power_mean,occipital_theta_power_mean,0.6492358988607947,0.6492358988607947
Control,theta,temporal_theta_power_mean,parietal_theta_power_mean,0.7675465407057516,0.7675465407057516
Control,theta,temporal_theta_power_mean,occipital_theta_power_mean,0.6789663795498749,0.6789663795498749
Control,theta,parietal_theta_power_mean,occipital_theta_power_mean,0.8467907752153376,0.8467907752153376
ADHD,alpha,frontal_alpha_power_mean,central_alpha_power_mean,0.6837652035959809,0.6837652035959809
ADHD,alpha,frontal_alpha_power_mean,temporal_alpha_power_mean,0.7589106292966684,0.7589106292966684
ADHD,alpha,frontal_alpha_power_mean,parietal_alpha_power_mean,0.7615547329455314,0.7615547329455314
ADHD,alpha,frontal_alpha_power_mean,occipital_alpha_power_mean,0.6187202538339502,0.6187202538339502
ADHD,alpha,central_alpha_power_mean,temporal_alpha_power_mean,0.632258064516129,0.632258064516129
ADHD,alpha,central_alpha_power_mean,parietal_alpha_power_mean,0.6576414595452141,0.6576414595452141
ADHD,alpha,central_alpha_power_mean,occipital_alpha_power_mean,0.4027498677948176,0.4027498677948176
ADHD,alpha,temporal_alpha_power_mean,parietal_alpha_power_mean,0.7268112109994712,0.7268112109994712
ADHD,alpha,temporal_alpha_power_mean,occipital_alpha_power_mean,0.6239026969857219,0.6239026969857219
ADHD,alpha,parietal_alpha_power_mean,occipital_alpha_power_mean,0.7175568482284506,0.7175568482284506
Control,alpha,frontal_alpha_power_mean,central_alpha_power_mean,0.7490969713809391,0.7490969713809391
Control,alpha,frontal_alpha_power_mean,temporal_alpha_power_mean,0.7381494859683245,0.7381494859683245
Control,alpha,frontal_alpha_power_mean,parietal_alpha_power_mean,0.8467352042233954,0.8467352042233954
Control,alpha,frontal_alpha_power_mean,occipital_alpha_power_mean,0.6783550986385107,0.6783550986385107
Control,alpha,central_alpha_power_mean,temporal_alpha_power_mean,0.7771603223117532,0.7771603223117532
Control,alpha,central_alpha_power_mean,parietal_alpha_power_mean,0.7804945818282857,0.7804945818282857
Control,alpha,central_alpha_power_mean,occipital_alpha_power_mean,0.5015282022784107,0.5015282022784107
Control,alpha,temporal_alpha_power_mean,parietal_alpha_power_mean,0.7637121422617393,0.7637121422617393
Control,alpha,temporal_alpha_power_mean,occipital_alpha_power_mean,0.5505418171714365,0.5505418171714365
Control,alpha,parietal_alpha_power_mean,occipital_alpha_power_mean,0.7612114476243401,0.7612114476243401
ADHD,beta,frontal_beta_power_mean,central_beta_power_mean,0.7287149656266526,0.7287149656266526
ADHD,beta,frontal_beta_power_mean,temporal_beta_power_mean,0.6269169751454257,0.6269169751454257
ADHD,beta,frontal_beta_power_mean,parietal_beta_power_mean,0.6714436805922792,0.6714436805922792
ADHD,beta,frontal_beta_power_mean,occipital_beta_power_mean,0.55579058699101,0.55579058699101
ADHD,beta,central_beta_power_mean,temporal_beta_power_mean,0.571602326811211,0.571602326811211
ADHD,beta,central_beta_power_mean,parietal_beta_power_mean,0.7195663670015865,0.7195663670015865
ADHD,beta,central_beta_power_mean,occipital_beta_power_mean,0.5582760444209413,0.5582760444209413
ADHD,beta,temporal_beta_power_mean,parietal_beta_power_mean,0.653146483342147,0.653146483342147
ADHD,beta,temporal_beta_power_mean,occipital_beta_power_mean,0.4556848228450555,0.4556848228450555
ADHD,beta,parietal_beta_power_mean,occipital_beta_power_mean,0.5376520359598096,0.5376520359598096
Control,beta,frontal_beta_power_mean,central_beta_power_mean,0.7473742706307308,0.7473742706307308
Control,beta,frontal_beta_power_mean,temporal_beta_power_mean,0.6666296193387052,0.6666296193387052
Control,beta,frontal_beta_power_mean,parietal_beta_power_mean,0.7766046123923313,0.7766046123923313
Control,beta,frontal_beta_power_mean,occipital_beta_power_mean,0.5761044734648514,0.5761044734648514
Control,beta,central_beta_power_mean,temporal_beta_power_mean,0.7505973881633787,0.7505973881633787
Control,beta,central_beta_power_mean,parietal_beta_power_mean,0.7691025284801334,0.7691025284801334
Control,beta,central_beta_power_mean,occipital_beta_power_mean,0.5214781883856627,0.5214781883856627
Control,beta,temporal_beta_power_mean,parietal_beta_power_mean,0.6383439844401223,0.6383439844401223
Control,beta,temporal_beta_power_mean,occipital_beta_power_mean,0.5056404556821339,0.5056404556821339
Control,beta,parietal_beta_power_mean,occipital_beta_power_mean,0.6869130313976104,0.6869130313976104
ADHD,theta_beta_ratio,frontal_theta_beta_ratio,central_theta_beta_ratio,0.5586991010047594,0.5586991010047594
ADHD,theta_beta_ratio,frontal_theta_beta_ratio,temporal_theta_beta_ratio,0.5373876255949234,0.5373876255949234
ADHD,theta_beta_ratio,frontal_theta_beta_ratio,parietal_theta_beta_ratio,0.5973030142781597,0.5973030142781597
ADHD,theta_beta_ratio,frontal_theta_beta_ratio,occipital_theta_beta_ratio,0.5140666314119513,0.5140666314119513
ADHD,theta_beta_ratio,central_theta_beta_ratio,temporal_theta_beta_ratio,0.4886832363828662,0.4886832363828662
ADHD,theta_beta_ratio,central_theta_beta_ratio,parietal_theta_beta_ratio,0.6842411422527763,0.6842411422527763
ADHD,theta_beta_ratio,central_theta_beta_ratio,occipital_theta_beta_ratio,0.535483870967742,0.535483870967742
ADHD,theta_beta_ratio,temporal_theta_beta_ratio,parietal_theta_beta_ratio,0.5309360126916975,0.5309360126916975
ADHD,theta_beta_ratio,temporal_theta_beta_ratio,occipital_theta_beta_ratio,0.41972501322051825,0.41972501322051825
ADHD,theta_beta_ratio,parietal_theta_beta_ratio,occipital_theta_beta_ratio,0.5626123744050767,0.5626123744050767
Control,theta_beta_ratio,frontal_theta_beta_ratio,central_theta_beta_ratio,0.7428174492914699,0.7428174492914699
Control,theta_beta_ratio,frontal_theta_beta_ratio,temporal_theta_beta_ratio,0.6670186162823006,0.6670186162823006
Control,theta_beta_ratio,frontal_theta_beta_ratio,parietal_theta_beta_ratio,0.6976938038343985,0.6976938038343985
Control,theta_beta_ratio,frontal_theta_beta_ratio,occipital_theta_beta_ratio,0.5462072797999444,0.5462072797999444
Control,theta_beta_ratio,central_theta_beta_ratio,temporal_theta_beta_ratio,0.7435398721867186,0.7435398721867186
Control,theta_beta_ratio,central_theta_beta_ratio,parietal_theta_beta_ratio,0.8787996665740484,0.8787996665740484
Control,theta_beta_ratio,central_theta_beta_ratio,occipital_theta_beta_ratio,0.5278688524590164,0.5278688524590164
Control,theta_beta_ratio,temporal_theta_beta_ratio,parietal_theta_beta_ratio,0.6725201444845791,0.6725201444845791
Control,theta_beta_ratio,temporal_theta_beta_ratio,occipital_theta_beta_ratio,0.6165601555987774,0.6165601555987774
Control,theta_beta_ratio,parietal_theta_beta_ratio,occipital_theta_beta_ratio,0.5507085301472632,0.5507085301472632
