mean_fit_time,std_fit_time,mean_score_time,std_score_time,param_max_depth,param_max_features,param_min_samples_leaf,param_n_estimators,params,split0_test_score,split1_test_score,split2_test_score,split3_test_score,split4_test_score,mean_test_score,std_test_score,rank_test_score,split0_train_score,split1_train_score,split2_train_score,split3_train_score,split4_train_score,mean_train_score,std_train_score
0.9295126438140869,0.04837536576797694,0.03550500869750976,0.0013529158215926658,,log2,1,300,"{'max_depth': None, 'max_features': 'log2', 'min_samples_leaf': 1, 'n_estimators': 300}",0.8,0.5388888888888889,0.7388888888888889,0.8333333333333333,0.6333333333333333,0.7088888888888889,0.10890022616716304,1,1.0,1.0,1.0,1.0,1.0,1.0,0.0
1.0436191082000732,0.17234860425870316,0.03769783973693848,0.004983228856726208,10,log2,1,300,"{'max_depth': 10, 'max_features': 'log2', 'min_samples_leaf': 1, 'n_estimators': 300}",0.8,0.5388888888888889,0.7388888888888889,0.8333333333333333,0.6333333333333333,0.7088888888888889,0.10890022616716304,1,1.0,1.0,1.0,1.0,1.0,1.0,0.0
5.040265512466431,0.7247939986314433,0.14680795669555663,0.026807630882427262,5,log2,1,1200,"{'max_depth': 5, 'max_features': 'log2', 'min_samples_leaf': 1, 'n_estimators': 1200}",0.8,0.48888888888888893,0.6833333333333333,0.8333333333333333,0.7333333333333334,0.7077777777777777,0.12118753959498647,3,1.0,0.986842105263158,0.986842105263158,0.9871794871794872,1.0,0.9921727395411606,0.006392118668172732
1.418934440612793,0.3345098099404861,0.05179362297058106,0.014166854276418058,5,log2,1,300,"{'max_depth': 5, 'max_features': 'log2', 'min_samples_leaf': 1, 'n_estimators': 300}",0.8,0.5388888888888889,0.7388888888888889,0.8333333333333333,0.6222222222222222,0.7066666666666668,0.11052065334051737,4,1.0,0.986842105263158,1.0,0.9871794871794872,0.9871794871794872,0.9922402159244263,0.00633703475404796
3.824023151397705,0.2554792996602133,0.15039324760437012,0.031964361421811256,3,sqrt,1,1200,"{'max_depth': 3, 'max_features': 'sqrt', 'min_samples_leaf': 1, 'n_estimators': 1200}",0.8,0.5444444444444444,0.7388888888888889,0.8333333333333333,0.6166666666666667,0.7066666666666668,0.10973593444556791,4,0.9342105263157895,0.9473684210526316,0.9210526315789473,0.9358974358974359,0.9230769230769231,0.9323211875843456,0.009541647327564675
1.0864885330200196,0.20045582630357758,0.041089963912963864,0.010749100862380125,7,log2,1,300,"{'max_depth': 7, 'max_features': 'log2', 'min_samples_leaf': 1, 'n_estimators': 300}",0.8,0.48888888888888893,0.7388888888888889,0.8333333333333333,0.6333333333333333,0.6988888888888888,0.12513696200267632,6,1.0,1.0,1.0,1.0,1.0,1.0,0.0
4.986980152130127,1.1679046438630853,0.14087162017822266,0.023284136647064472,7,log2,2,1200,"{'max_depth': 7, 'max_features': 'log2', 'min_samples_leaf': 2, 'n_estimators': 1200}",0.8,0.5388888888888889,0.6833333333333333,0.7833333333333333,0.6833333333333333,0.6977777777777778,0.09320096433560343,7,1.0,1.0,1.0,1.0,1.0,1.0,0.0
3.022955131530762,0.1404905471451522,0.09877977371215821,0.010342925370795248,10,log2,2,800,"{'max_depth': 10, 'max_features': 'log2', 'min_samples_leaf': 2, 'n_estimators': 800}",0.8,0.5388888888888889,0.6333333333333333,0.8333333333333333,0.6833333333333333,0.6977777777777778,0.10810374532404703,7,1.0,1.0,1.0,1.0,1.0,1.0,0.0
1.8158126831054688,0.2107650464474783,0.06723837852478028,0.015399496199364532,10,log2,2,500,"{'max_depth': 10, 'max_features': 'log2', 'min_samples_leaf': 2, 'n_estimators': 500}",0.8,0.5388888888888889,0.6833333333333333,0.7833333333333333,0.6833333333333333,0.6977777777777778,0.09320096433560343,7,1.0,1.0,1.0,1.0,1.0,1.0,0.0
1.5824995994567872,0.4129791533957883,0.059640026092529295,0.04847697395198389,5,sqrt,1,300,"{'max_depth': 5, 'max_features': 'sqrt', 'min_samples_leaf': 1, 'n_estimators': 300}",0.75,0.48888888888888893,0.7388888888888889,0.8333333333333333,0.6777777777777778,0.6977777777777778,0.1156089620175072,7,1.0,0.986842105263158,0.986842105263158,0.9871794871794872,0.9871794871794872,0.989608636977058,0.005197871841449574
4.209111213684082,0.14722190373793306,0.12459192276000977,0.013103541562182266,10,log2,2,1200,"{'max_depth': 10, 'max_features': 'log2', 'min_samples_leaf': 2, 'n_estimators': 1200}",0.8,0.5388888888888889,0.6833333333333333,0.7833333333333333,0.6833333333333333,0.6977777777777778,0.09320096433560343,7,1.0,1.0,1.0,1.0,1.0,1.0,0.0
2.4612411975860597,0.19277688465996343,0.059171867370605466,0.00496803110007961,7,log2,2,500,"{'max_depth': 7, 'max_features': 'log2', 'min_samples_leaf': 2, 'n_estimators': 500}",0.8,0.5388888888888889,0.6833333333333333,0.7833333333333333,0.6833333333333333,0.6977777777777778,0.09320096433560343,7,1.0,1.0,1.0,1.0,1.0,1.0,0.0
3.8168566703796385,0.24072185034936552,0.13164963722229003,0.016071178677079537,,log2,2,1200,"{'max_depth': None, 'max_features': 'log2', 'min_samples_leaf': 2, 'n_estimators': 1200}",0.8,0.5388888888888889,0.6833333333333333,0.7833333333333333,0.6833333333333333,0.6977777777777778,0.09320096433560343,7,1.0,1.0,1.0,1.0,1.0,1.0,0.0
2.5042367458343504,0.13557888149977174,0.08078398704528808,0.0060499511734167215,,log2,2,800,"{'max_depth': None, 'max_features': 'log2', 'min_samples_leaf': 2, 'n_estimators': 800}",0.8,0.5388888888888889,0.6333333333333333,0.8333333333333333,0.6833333333333333,0.6977777777777778,0.10810374532404703,7,1.0,1.0,1.0,1.0,1.0,1.0,0.0
1.626359224319458,0.13127130423994357,0.05405411720275879,0.005059321801515622,,log2,2,500,"{'max_depth': None, 'max_features': 'log2', 'min_samples_leaf': 2, 'n_estimators': 500}",0.8,0.5388888888888889,0.6833333333333333,0.7833333333333333,0.6833333333333333,0.6977777777777778,0.09320096433560343,7,1.0,1.0,1.0,1.0,1.0,1.0,0.0
2.133495235443115,0.37403967162555557,0.08100686073303223,0.025255615790400615,5,sqrt,1,500,"{'max_depth': 5, 'max_features': 'sqrt', 'min_samples_leaf': 1, 'n_estimators': 500}",0.8,0.48888888888888893,0.7388888888888889,0.8333333333333333,0.6277777777777778,0.6977777777777777,0.12573733154163036,16,1.0,0.986842105263158,0.986842105263158,0.9871794871794872,0.9871794871794872,0.989608636977058,0.005197871841449574
1.8247185230255127,0.24754194077461006,0.0618403434753418,0.010046942908885779,10,log2,1,500,"{'max_depth': 10, 'max_features': 'log2', 'min_samples_leaf': 1, 'n_estimators': 500}",0.8,0.5388888888888889,0.6833333333333333,0.8333333333333333,0.6333333333333333,0.6977777777777777,0.10810374532404703,16,1.0,1.0,1.0,1.0,1.0,1.0,0.0
2.4394745349884035,0.584502376836575,0.09295077323913574,0.022692149990033637,5,sqrt,2,500,"{'max_depth': 5, 'max_features': 'sqrt', 'min_samples_leaf': 2, 'n_estimators': 500}",0.8,0.48888888888888893,0.7388888888888889,0.8333333333333333,0.6277777777777778,0.6977777777777777,0.12573733154163036,16,1.0,0.986842105263158,0.986842105263158,0.9871794871794872,1.0,0.9921727395411606,0.006392118668172732
1.6680146694183349,0.09611225946538984,0.05804486274719238,0.00879503981889502,,log2,1,500,"{'max_depth': None, 'max_features': 'log2', 'min_samples_leaf': 1, 'n_estimators': 500}",0.8,0.5388888888888889,0.6833333333333333,0.8333333333333333,0.6333333333333333,0.6977777777777777,0.10810374532404703,16,1.0,1.0,1.0,1.0,1.0,1.0,0.0
2.5922680377960203,0.16391399470150833,0.08819899559020997,0.011205341289149327,,log2,1,800,"{'max_depth': None, 'max_features': 'log2', 'min_samples_leaf': 1, 'n_estimators': 800}",0.8,0.5388888888888889,0.6833333333333333,0.8333333333333333,0.6333333333333333,0.6977777777777777,0.10810374532404703,16,1.0,1.0,1.0,1.0,1.0,1.0,0.0
1.7497553825378418,0.2585964724878554,0.06202421188354492,0.015244974127278576,5,log2,2,500,"{'max_depth': 5, 'max_features': 'log2', 'min_samples_leaf': 2, 'n_estimators': 500}",0.75,0.5388888888888889,0.6833333333333333,0.8333333333333333,0.6777777777777778,0.6966666666666667,0.09690264937962285,21,1.0,0.9736842105263157,0.986842105263158,0.9743589743589743,0.9871794871794872,0.984412955465587,0.009723157181130959
7.053703784942627,1.6794874722443374,0.18031759262084962,0.06305917854608921,5,sqrt,1,1200,"{'max_depth': 5, 'max_features': 'sqrt', 'min_samples_leaf': 1, 'n_estimators': 1200}",0.8,0.48888888888888893,0.6833333333333333,0.8333333333333333,0.6777777777777778,0.6966666666666667,0.12088153572408128,21,1.0,0.986842105263158,0.986842105263158,0.9871794871794872,0.9871794871794872,0.989608636977058,0.005197871841449574
1.0761218070983887,0.1415384879966352,0.03550601005554199,0.0013522296825737234,5,log2,2,300,"{'max_depth': 5, 'max_features': 'log2', 'min_samples_leaf': 2, 'n_estimators': 300}",0.75,0.5388888888888889,0.7388888888888889,0.8333333333333333,0.6222222222222222,0.6966666666666665,0.10367327595937223,23,1.0,0.9736842105263157,0.986842105263158,0.9871794871794872,0.9871794871794872,0.9869770580296896,0.008323424531772913
3.8465139865875244,0.3108738327682426,0.11648812294006347,0.006160877746910841,3,log2,1,1200,"{'max_depth': 3, 'max_features': 'log2', 'min_samples_leaf': 1, 'n_estimators': 1200}",0.8,0.5444444444444444,0.7388888888888889,0.7777777777777778,0.6166666666666667,0.6955555555555556,0.09859506911768454,24,0.9473684210526316,0.9473684210526316,0.9210526315789473,0.9358974358974359,0.9358974358974359,0.9375168690958166,0.009699715425676905
0.8838116645812988,0.046604108826598135,0.03412818908691406,0.007497652004573663,3,sqrt,1,300,"{'max_depth': 3, 'max_features': 'sqrt', 'min_samples_leaf': 1, 'n_estimators': 300}",0.8,0.5444444444444444,0.7388888888888889,0.7777777777777778,0.6166666666666667,0.6955555555555556,0.09859506911768454,24,0.9342105263157895,0.9473684210526316,0.9342105263157895,0.9355600539811066,0.9230769230769231,0.9348852901484481,0.007702363387382468
1.5502778053283692,0.11968004929308704,0.054252243041992186,0.004307920864334083,3,sqrt,1,500,"{'max_depth': 3, 'max_features': 'sqrt', 'min_samples_leaf': 1, 'n_estimators': 500}",0.8,0.5444444444444444,0.7388888888888889,0.7777777777777778,0.6166666666666667,0.6955555555555556,0.09859506911768454,24,0.9473684210526316,0.9342105263157895,0.9210526315789473,0.9487179487179487,0.9230769230769231,0.9348852901484481,0.011648229758186279
2.442070150375366,0.1617646496392855,0.0807837963104248,0.008296108192405434,3,sqrt,1,800,"{'max_depth': 3, 'max_features': 'sqrt', 'min_samples_leaf': 1, 'n_estimators': 800}",0.8,0.5444444444444444,0.7388888888888889,0.7777777777777778,0.6166666666666667,0.6955555555555556,0.09859506911768454,24,0.9605263157894737,0.9473684210526316,0.9210526315789473,0.9487179487179487,0.9230769230769231,0.9401484480431849,0.015471968310895014
4.444547176361084,0.5387239925974995,0.12630224227905273,0.012453338347314389,3,sqrt,2,1200,"{'max_depth': 3, 'max_features': 'sqrt', 'min_samples_leaf': 2, 'n_estimators': 1200}",0.8,0.48888888888888893,0.7388888888888889,0.8333333333333333,0.6166666666666667,0.6955555555555555,0.12704621497998567,28,0.9078947368421053,0.9473684210526316,0.9210526315789473,0.9227395411605939,0.9230769230769231,0.9244264507422402,0.012772479092184914
3.0770262241363526,0.3665430687838287,0.10930814743041992,0.018309627197310958,7,sqrt,2,800,"{'max_depth': 7, 'max_features': 'sqrt', 'min_samples_leaf': 2, 'n_estimators': 800}",0.75,0.48888888888888893,0.6833333333333333,0.8333333333333333,0.6833333333333333,0.6877777777777778,0.11371395779556201,29,1.0,1.0,1.0,1.0,1.0,1.0,0.0
4.6152044296264645,0.5189227636720718,0.16881184577941893,0.053257510742813895,7,sqrt,2,1200,"{'max_depth': 7, 'max_features': 'sqrt', 'min_samples_leaf': 2, 'n_estimators': 1200}",0.8,0.48888888888888893,0.6833333333333333,0.7833333333333333,0.6833333333333333,0.6877777777777778,0.11074383743967063,29,1.0,1.0,1.0,1.0,1.0,1.0,0.0
4.911246919631958,1.1590454910327197,0.14286508560180664,0.04785549719050634,5,log2,4,1200,"{'max_depth': 5, 'max_features': 'log2', 'min_samples_leaf': 4, 'n_estimators': 1200}",0.75,0.48888888888888893,0.6833333333333333,0.8333333333333333,0.6833333333333333,0.6877777777777778,0.11371395779556201,29,0.986842105263158,0.986842105263158,0.9740215924426451,0.9612010796221322,0.9871794871794872,0.9792172739541162,0.010307776763254197
2.2632492065429686,1.0524100878833476,0.11639256477355957,0.09044557268772595,7,log2,2,300,"{'max_depth': 7, 'max_features': 'log2', 'min_samples_leaf': 2, 'n_estimators': 300}",0.8,0.5388888888888889,0.6833333333333333,0.7333333333333334,0.6833333333333333,0.6877777777777778,0.08587961715084268,29,1.0,1.0,1.0,1.0,1.0,1.0,0.0
2.7216022491455076,0.2740307770969164,0.07639570236206054,0.014239116923917895,3,,2,300,"{'max_depth': 3, 'max_features': None, 'min_samples_leaf': 2, 'n_estimators': 300}",0.8,0.6444444444444444,0.7388888888888889,0.7333333333333334,0.5222222222222221,0.6877777777777778,0.09650689222492657,29,0.9736842105263157,0.9342105263157895,0.9605263157894737,0.9355600539811066,0.9487179487179487,0.9505398110661268,0.015031642279948928
1.590348243713379,0.6602640891176268,0.05126209259033203,0.014881576371017726,3,,1,300,"{'max_depth': 3, 'max_features': None, 'min_samples_leaf': 1, 'n_estimators': 300}",0.8,0.6444444444444444,0.7388888888888889,0.7333333333333334,0.5222222222222221,0.6877777777777778,0.09650689222492657,29,0.9736842105263157,0.9342105263157895,0.9605263157894737,0.9355600539811066,0.9487179487179487,0.9505398110661268,0.015031642279948928
1.4868186950683593,0.3237366085573433,0.05548429489135742,0.027590634952311042,3,,4,300,"{'max_depth': 3, 'max_features': None, 'min_samples_leaf': 4, 'n_estimators': 300}",0.8,0.6444444444444444,0.7388888888888889,0.7333333333333334,0.5222222222222221,0.6877777777777778,0.09650689222492657,29,0.9473684210526316,0.9085695006747638,0.9345479082321188,0.9227395411605939,0.9615384615384616,0.934952766531714,0.018473500792549426
2.6905901432037354,0.14334491209822353,0.09933409690856934,0.014069824143009542,,sqrt,2,800,"{'max_depth': None, 'max_features': 'sqrt', 'min_samples_leaf': 2, 'n_estimators': 800}",0.75,0.48888888888888893,0.6833333333333333,0.8333333333333333,0.6833333333333333,0.6877777777777778,0.11371395779556201,29,1.0,1.0,1.0,1.0,1.0,1.0,0.0
4.009490156173706,0.28718787360773235,0.11847138404846191,0.004331693105792648,,sqrt,2,1200,"{'max_depth': None, 'max_features': 'sqrt', 'min_samples_leaf': 2, 'n_estimators': 1200}",0.8,0.48888888888888893,0.6833333333333333,0.7833333333333333,0.6833333333333333,0.6877777777777778,0.11074383743967063,29,1.0,1.0,1.0,1.0,1.0,1.0,0.0
0.9968162059783936,0.07989592689872674,0.034308671951293945,0.0024103014427360367,,log2,2,300,"{'max_depth': None, 'max_features': 'log2', 'min_samples_leaf': 2, 'n_estimators': 300}",0.8,0.5388888888888889,0.6833333333333333,0.7333333333333334,0.6833333333333333,0.6877777777777778,0.08587961715084268,29,1.0,1.0,1.0,1.0,1.0,1.0,0.0
4.379036474227905,0.3357967193299993,0.14454755783081055,0.014905026215059437,10,sqrt,2,1200,"{'max_depth': 10, 'max_features': 'sqrt', 'min_samples_leaf': 2, 'n_estimators': 1200}",0.8,0.48888888888888893,0.6833333333333333,0.7833333333333333,0.6833333333333333,0.6877777777777778,0.11074383743967063,29,1.0,1.0,1.0,1.0,1.0,1.0,0.0
3.2250381469726563,0.34272074804032865,0.11073617935180664,0.01734443048985504,10,sqrt,2,800,"{'max_depth': 10, 'max_features': 'sqrt', 'min_samples_leaf': 2, 'n_estimators': 800}",0.75,0.48888888888888893,0.6833333333333333,0.8333333333333333,0.6833333333333333,0.6877777777777778,0.11371395779556201,29,1.0,1.0,1.0,1.0,1.0,1.0,0.0
1.061082124710083,0.0885241612424891,0.0335197925567627,0.0013693527319326687,10,log2,2,300,"{'max_depth': 10, 'max_features': 'log2', 'min_samples_leaf': 2, 'n_estimators': 300}",0.8,0.5388888888888889,0.6833333333333333,0.7333333333333334,0.6833333333333333,0.6877777777777778,0.08587961715084268,29,1.0,1.0,1.0,1.0,1.0,1.0,0.0
3.459331178665161,0.6166019580637634,0.20619025230407714,0.10188568692083932,10,sqrt,1,800,"{'max_depth': 10, 'max_features': 'sqrt', 'min_samples_leaf': 1, 'n_estimators': 800}",0.75,0.5388888888888889,0.6833333333333333,0.8333333333333333,0.6333333333333333,0.6877777777777777,0.10020965676341763,42,1.0,1.0,1.0,1.0,1.0,1.0,0.0
1.855350637435913,0.32830719746509157,0.06722006797790528,0.01616276714335413,7,log2,1,500,"{'max_depth': 7, 'max_features': 'log2', 'min_samples_leaf': 1, 'n_estimators': 500}",0.8,0.48888888888888893,0.6833333333333333,0.8333333333333333,0.6333333333333333,0.6877777777777777,0.12354836110149009,42,1.0,1.0,1.0,1.0,1.0,1.0,0.0
2.863431119918823,0.164035688243121,0.08876214027404786,0.009524635729199104,,sqrt,1,800,"{'max_depth': None, 'max_features': 'sqrt', 'min_samples_leaf': 1, 'n_estimators': 800}",0.75,0.5388888888888889,0.6833333333333333,0.8333333333333333,0.6333333333333333,0.6877777777777777,0.10020965676341763,42,1.0,1.0,1.0,1.0,1.0,1.0,0.0
2.5813512802124023,0.27053944696810983,0.0860945701599121,0.007395010366058586,10,log2,1,800,"{'max_depth': 10, 'max_features': 'log2', 'min_samples_leaf': 1, 'n_estimators': 800}",0.8,0.48888888888888893,0.6833333333333333,0.8333333333333333,0.6333333333333333,0.6877777777777777,0.12354836110149009,42,1.0,1.0,1.0,1.0,1.0,1.0,0.0
4.092260265350342,0.12988185261541435,0.1421379566192627,0.02982727345470763,10,log2,1,1200,"{'max_depth': 10, 'max_features': 'log2', 'min_samples_leaf': 1, 'n_estimators': 1200}",0.8,0.5388888888888889,0.6833333333333333,0.8333333333333333,0.5833333333333333,0.6877777777777776,0.11565166943012674,46,1.0,1.0,1.0,1.0,1.0,1.0,0.0
3.867569828033447,0.3017259847019382,0.12586193084716796,0.010430272543292894,,log2,1,1200,"{'max_depth': None, 'max_features': 'log2', 'min_samples_leaf': 1, 'n_estimators': 1200}",0.8,0.5388888888888889,0.6833333333333333,0.8333333333333333,0.5833333333333333,0.6877777777777776,0.11565166943012674,46,1.0,1.0,1.0,1.0,1.0,1.0,0.0
4.668376731872558,0.5582952462996803,0.13463907241821288,0.025101406150297097,5,log2,2,1200,"{'max_depth': 5, 'max_features': 'log2', 'min_samples_leaf': 2, 'n_estimators': 1200}",0.75,0.48888888888888893,0.6833333333333333,0.8333333333333333,0.6777777777777778,0.6866666666666668,0.11377907985366058,48,1.0,0.986842105263158,0.986842105263158,0.9743589743589743,1.0,0.989608636977058,0.009631411696761178
1.7741566181182862,0.22668987662417814,0.05657739639282226,0.0046167041377065815,10,sqrt,6,500,"{'max_depth': 10, 'max_features': 'sqrt', 'min_samples_leaf': 6, 'n_estimators': 500}",0.8500000000000001,0.5388888888888889,0.6333333333333333,0.7833333333333333,0.6277777777777778,0.6866666666666666,0.11328975196916345,49,0.9736842105263158,0.9477058029689609,0.9740215924426451,0.9483805668016194,0.9743589743589743,0.9636302294197032,0.012730345614232997
3.4021912574768067,1.047618433148109,0.12905449867248536,0.08161698356116814,5,sqrt,2,800,"{'max_depth': 5, 'max_features': 'sqrt', 'min_samples_leaf': 2, 'n_estimators': 800}",0.8,0.48888888888888893,0.6833333333333333,0.8333333333333333,0.6277777777777778,0.6866666666666666,0.12405693635097602,49,1.0,0.986842105263158,0.986842105263158,0.9743589743589743,0.9871794871794872,0.9870445344129555,0.00811008865340974
7.946553134918213,2.3836127871026718,0.24367775917053222,0.06006140566420624,5,sqrt,2,1200,"{'max_depth': 5, 'max_features': 'sqrt', 'min_samples_leaf': 2, 'n_estimators': 1200}",0.8,0.48888888888888893,0.6833333333333333,0.8333333333333333,0.6277777777777778,0.6866666666666666,0.12405693635097602,49,1.0,0.986842105263158,0.986842105263158,0.9871794871794872,1.0,0.9921727395411606,0.006392118668172732
3.2498474597930906,0.8870048902013199,0.12646217346191407,0.02184702405550985,5,sqrt,1,800,"{'max_depth': 5, 'max_features': 'sqrt', 'min_samples_leaf': 1, 'n_estimators': 800}",0.8,0.48888888888888893,0.6833333333333333,0.8333333333333333,0.6277777777777778,0.6866666666666666,0.12405693635097602,49,1.0,0.986842105263158,0.986842105263158,0.9871794871794872,0.9871794871794872,0.989608636977058,0.005197871841449574
2.8934101104736327,0.6112051287827768,0.11141424179077149,0.034809603788031884,5,sqrt,6,500,"{'max_depth': 5, 'max_features': 'sqrt', 'min_samples_leaf': 6, 'n_estimators': 500}",0.8500000000000001,0.5388888888888889,0.6333333333333333,0.7833333333333333,0.6277777777777778,0.6866666666666666,0.11328975196916345,49,0.9736842105263158,0.9477058029689609,0.9608636977058029,0.9483805668016194,0.9743589743589743,0.9609986504723347,0.01162201127823745
2.489717435836792,0.45951856408691005,0.13763160705566407,0.1352162135607477,5,log2,1,500,"{'max_depth': 5, 'max_features': 'log2', 'min_samples_leaf': 1, 'n_estimators': 500}",0.8,0.48888888888888893,0.6833333333333333,0.8333333333333333,0.6277777777777778,0.6866666666666666,0.12405693635097602,49,1.0,0.986842105263158,0.986842105263158,0.9871794871794872,0.9871794871794872,0.989608636977058,0.005197871841449574
4.185652351379394,0.38485879895474734,0.10172734260559083,0.03526200908875321,5,log2,1,800,"{'max_depth': 5, 'max_features': 'log2', 'min_samples_leaf': 1, 'n_estimators': 800}",0.8,0.48888888888888893,0.6833333333333333,0.8333333333333333,0.6277777777777778,0.6866666666666666,0.12405693635097602,49,1.0,0.986842105263158,0.986842105263158,0.9871794871794872,1.0,0.9921727395411606,0.006392118668172732
1.4505207061767578,0.030613693655014887,0.051064062118530276,0.0020346347937690514,7,sqrt,6,500,"{'max_depth': 7, 'max_features': 'sqrt', 'min_samples_leaf': 6, 'n_estimators': 500}",0.8500000000000001,0.5388888888888889,0.6333333333333333,0.7833333333333333,0.6277777777777778,0.6866666666666666,0.11328975196916345,49,0.9736842105263158,0.9477058029689609,0.9740215924426451,0.9483805668016194,0.9743589743589743,0.9636302294197032,0.012730345614232997
1.8770358085632324,0.705019798148709,0.05465397834777832,0.01990096997415593,3,,6,300,"{'max_depth': 3, 'max_features': None, 'min_samples_leaf': 6, 'n_estimators': 300}",0.8,0.5888888888888889,0.7388888888888889,0.7833333333333333,0.5222222222222221,0.6866666666666666,0.11092206139314087,49,0.9078947368421053,0.895748987854251,0.9213900134952766,0.8572874493927125,0.9352226720647774,0.9035087719298247,0.026613424642021686
1.581419038772583,0.1351001261007796,0.05565285682678223,0.0031164540726612527,,sqrt,6,500,"{'max_depth': None, 'max_features': 'sqrt', 'min_samples_leaf': 6, 'n_estimators': 500}",0.8500000000000001,0.5388888888888889,0.6333333333333333,0.7833333333333333,0.6277777777777778,0.6866666666666666,0.11328975196916345,49,0.9736842105263158,0.9477058029689609,0.9740215924426451,0.9483805668016194,0.9743589743589743,0.9636302294197032,0.012730345614232997
4.323808288574218,0.6486567985749292,0.13507118225097656,0.012505062294731204,7,log2,6,1200,"{'max_depth': 7, 'max_features': 'log2', 'min_samples_leaf': 6, 'n_estimators': 1200}",0.8,0.5388888888888889,0.6833333333333333,0.8333333333333333,0.5777777777777777,0.6866666666666665,0.11667195755198567,59,0.9736842105263158,0.9477058029689609,0.9608636977058029,0.9483805668016194,0.9615384615384616,0.9584345479082321,0.009636137842438794
4.462700510025025,0.38174351613247065,0.14302382469177247,0.019380601733769962,10,log2,6,1200,"{'max_depth': 10, 'max_features': 'log2', 'min_samples_leaf': 6, 'n_estimators': 1200}",0.8,0.5388888888888889,0.6833333333333333,0.8333333333333333,0.5777777777777777,0.6866666666666665,0.11667195755198567,59,0.9736842105263158,0.9477058029689609,0.9608636977058029,0.9483805668016194,0.9615384615384616,0.9584345479082321,0.009636137842438794
3.668476963043213,0.21890675543176202,0.13771066665649415,0.01936013662661961,,log2,6,1200,"{'max_depth': None, 'max_features': 'log2', 'min_samples_leaf': 6, 'n_estimators': 1200}",0.8,0.5388888888888889,0.6833333333333333,0.8333333333333333,0.5777777777777777,0.6866666666666665,0.11667195755198567,59,0.9736842105263158,0.9477058029689609,0.9608636977058029,0.9483805668016194,0.9615384615384616,0.9584345479082321,0.009636137842438794
5.858279848098755,0.885076127708766,0.26235151290893555,0.1298619632922683,5,log2,6,1200,"{'max_depth': 5, 'max_features': 'log2', 'min_samples_leaf': 6, 'n_estimators': 1200}",0.8,0.5388888888888889,0.6833333333333333,0.8333333333333333,0.5777777777777777,0.6866666666666665,0.11667195755198567,59,0.9736842105263158,0.934885290148448,0.9608636977058029,0.9483805668016194,0.9615384615384616,0.9558704453441296,0.013197456011376073
0.857307767868042,0.019098270881497858,0.03191709518432617,0.0014073749002603876,3,log2,2,300,"{'max_depth': 3, 'max_features': 'log2', 'min_samples_leaf': 2, 'n_estimators': 300}",0.75,0.5444444444444444,0.7388888888888889,0.7777777777777778,0.6166666666666667,0.6855555555555555,0.08962197702255906,63,0.9210526315789473,0.9473684210526316,0.9210526315789473,0.9227395411605939,0.9230769230769231,0.9270580296896087,0.010189604146295656
0.8407505512237549,0.008392010285084454,0.03171539306640625,0.0011632355345462062,3,log2,4,300,"{'max_depth': 3, 'max_features': 'log2', 'min_samples_leaf': 4, 'n_estimators': 300}",0.75,0.5444444444444444,0.6833333333333333,0.8333333333333333,0.6166666666666667,0.6855555555555555,0.10065219420127343,63,0.8947368421052632,0.9342105263157895,0.9082321187584346,0.9227395411605939,0.9358974358974359,0.9191632928475034,0.01571866656870241
0.905964469909668,0.041802061772821135,0.033311319351196286,0.00048826624150604905,3,sqrt,2,300,"{'max_depth': 3, 'max_features': 'sqrt', 'min_samples_leaf': 2, 'n_estimators': 300}",0.8,0.5444444444444444,0.6888888888888889,0.7777777777777778,0.6166666666666667,0.6855555555555555,0.09619938143072608,63,0.9342105263157895,0.9342105263157895,0.9342105263157895,0.9355600539811066,0.9230769230769231,0.9322537112010798,0.0046180671072250015
0.9452033519744873,0.1510520826116423,0.037546634674072266,0.009808323735611808,3,log2,1,300,"{'max_depth': 3, 'max_features': 'log2', 'min_samples_leaf': 1, 'n_estimators': 300}",0.75,0.5444444444444444,0.7388888888888889,0.7777777777777778,0.6166666666666667,0.6855555555555555,0.08962197702255906,63,0.9473684210526316,0.9473684210526316,0.9342105263157895,0.9358974358974359,0.9230769230769231,0.9375843454790823,0.009123046575522582
1.7219062328338623,0.21303994598494475,0.06458883285522461,0.016801705489698626,3,log2,1,500,"{'max_depth': 3, 'max_features': 'log2', 'min_samples_leaf': 1, 'n_estimators': 500}",0.75,0.5444444444444444,0.7388888888888889,0.7777777777777778,0.6166666666666667,0.6855555555555555,0.08962197702255906,63,0.9473684210526316,0.9473684210526316,0.9210526315789473,0.9487179487179487,0.9230769230769231,0.9375168690958166,0.012642416657090821
0.9359823226928711,0.14524851775231976,0.03792757987976074,0.007401016600710295,3,sqrt,4,300,"{'max_depth': 3, 'max_features': 'sqrt', 'min_samples_leaf': 4, 'n_estimators': 300}",0.8,0.48888888888888893,0.6833333333333333,0.7777777777777778,0.6722222222222223,0.6844444444444445,0.10996071127767117,68,0.9210526315789473,0.9210526315789473,0.9213900134952766,0.909919028340081,0.9487179487179487,0.9244264507422402,0.012903700564616899
1.5417421340942383,0.19696977064088433,0.05245985984802246,0.010182911594946602,3,sqrt,2,500,"{'max_depth': 3, 'max_features': 'sqrt', 'min_samples_leaf': 2, 'n_estimators': 500}",0.8,0.48888888888888893,0.7388888888888889,0.7777777777777778,0.6166666666666667,0.6844444444444444,0.11650253004193874,69,0.9473684210526316,0.9342105263157895,0.9210526315789473,0.9227395411605939,0.9230769230769231,0.9296896086369772,0.00999607448981707
2.2622729778289794,0.059441489592477394,0.07978677749633789,0.0034546692737925174,3,log2,2,800,"{'max_depth': 3, 'max_features': 'log2', 'min_samples_leaf': 2, 'n_estimators': 800}",0.8,0.5444444444444444,0.6833333333333333,0.7777777777777778,0.6166666666666667,0.6844444444444444,0.09618654714590734,69,0.9342105263157895,0.9342105263157895,0.9210526315789473,0.9227395411605939,0.9230769230769231,0.9270580296896087,0.005880132234557173
2.4349237442016602,0.428324513779369,0.0937474250793457,0.03544814618042827,3,log2,4,800,"{'max_depth': 3, 'max_features': 'log2', 'min_samples_leaf': 4, 'n_estimators': 800}",0.8,0.5444444444444444,0.6833333333333333,0.7777777777777778,0.6166666666666667,0.6844444444444444,0.09618654714590734,69,0.9210526315789473,0.9342105263157895,0.9213900134952766,0.909919028340081,0.9358974358974359,0.9244939271255059,0.00957451598363251
4.040471935272217,0.4135271318064428,0.14042410850524903,0.018895917972098893,3,sqrt,4,1200,"{'max_depth': 3, 'max_features': 'sqrt', 'min_samples_leaf': 4, 'n_estimators': 1200}",0.8,0.48888888888888893,0.6833333333333333,0.8333333333333333,0.6166666666666667,0.6844444444444444,0.125186280950716,69,0.9078947368421053,0.9213900134952766,0.9082321187584346,0.909919028340081,0.9487179487179487,0.9192307692307692,0.015558538175854985
1.0012187480926513,0.07291021349992922,0.03470759391784668,0.0034201658832738813,,sqrt,2,300,"{'max_depth': None, 'max_features': 'sqrt', 'min_samples_leaf': 2, 'n_estimators': 300}",0.75,0.48888888888888893,0.7388888888888889,0.8333333333333333,0.5833333333333333,0.6788888888888888,0.12469221366287529,73,1.0,1.0,1.0,1.0,1.0,1.0,0.0
1.5564507484436034,0.663270709080454,0.045899820327758786,0.006399212921519799,10,sqrt,2,300,"{'max_depth': 10, 'max_features': 'sqrt', 'min_samples_leaf': 2, 'n_estimators': 300}",0.75,0.48888888888888893,0.7388888888888889,0.8333333333333333,0.5833333333333333,0.6788888888888888,0.12469221366287529,73,1.0,1.0,1.0,1.0,1.0,1.0,0.0
1.2716244220733643,0.18257576884660132,0.04747300148010254,0.014529738552925829,7,sqrt,2,300,"{'max_depth': 7, 'max_features': 'sqrt', 'min_samples_leaf': 2, 'n_estimators': 300}",0.75,0.48888888888888893,0.7388888888888889,0.8333333333333333,0.5833333333333333,0.6788888888888888,0.12469221366287529,73,1.0,1.0,1.0,1.0,1.0,1.0,0.0
3.3225292205810546,1.2087785624611018,0.10990967750549316,0.054570660479750614,3,,2,500,"{'max_depth': 3, 'max_features': None, 'min_samples_leaf': 2, 'n_estimators': 500}",0.8,0.6444444444444444,0.6888888888888889,0.7333333333333334,0.5222222222222221,0.6777777777777778,0.09322745317068018,76,0.9736842105263157,0.9342105263157895,0.9736842105263157,0.9355600539811066,0.9487179487179487,0.9531713900134953,0.017498904303778227
7.653451251983642,0.5479013851903678,0.21163396835327147,0.04960421583643049,3,,4,1200,"{'max_depth': 3, 'max_features': None, 'min_samples_leaf': 4, 'n_estimators': 1200}",0.8,0.6444444444444444,0.6888888888888889,0.7333333333333334,0.5222222222222221,0.6777777777777778,0.09322745317068018,76,0.9473684210526316,0.9213900134952766,0.9608636977058029,0.9355600539811066,0.9487179487179487,0.9427800269905534,0.013364072048836195
4.855787658691407,1.5125387791157185,0.10312418937683106,0.0178671498767168,3,,4,800,"{'max_depth': 3, 'max_features': None, 'min_samples_leaf': 4, 'n_estimators': 800}",0.8,0.6444444444444444,0.6888888888888889,0.7333333333333334,0.5222222222222221,0.6777777777777778,0.09322745317068018,76,0.9473684210526316,0.9213900134952766,0.9608636977058029,0.9355600539811066,0.9615384615384616,0.945344129554656,0.015341049188916132
9.284498453140259,3.5597258566541794,0.3309154510498047,0.1914791233832509,3,,2,1200,"{'max_depth': 3, 'max_features': None, 'min_samples_leaf': 2, 'n_estimators': 1200}",0.8,0.6444444444444444,0.6888888888888889,0.7333333333333334,0.5222222222222221,0.6777777777777778,0.09322745317068018,76,0.9736842105263157,0.9342105263157895,0.9736842105263157,0.9355600539811066,0.9487179487179487,0.9531713900134953,0.017498904303778227
7.772377872467041,2.2775949552756423,0.20110440254211426,0.07402760321544687,3,,1,1200,"{'max_depth': 3, 'max_features': None, 'min_samples_leaf': 1, 'n_estimators': 1200}",0.8,0.6444444444444444,0.6888888888888889,0.7333333333333334,0.5222222222222221,0.6777777777777778,0.09322745317068018,76,0.9736842105263157,0.9342105263157895,0.9736842105263157,0.9355600539811066,0.9487179487179487,0.9531713900134953,0.017498904303778227
2.4748191833496094,0.5534940134428235,0.11090407371520997,0.06471864363893282,3,,1,500,"{'max_depth': 3, 'max_features': None, 'min_samples_leaf': 1, 'n_estimators': 500}",0.8,0.6444444444444444,0.6888888888888889,0.7333333333333334,0.5222222222222221,0.6777777777777778,0.09322745317068018,76,0.9736842105263157,0.9342105263157895,0.9736842105263157,0.9355600539811066,0.9487179487179487,0.9531713900134953,0.017498904303778227
2.8341841220855715,0.40372824267181057,0.09973316192626953,0.01684278326705736,7,sqrt,1,800,"{'max_depth': 7, 'max_features': 'sqrt', 'min_samples_leaf': 1, 'n_estimators': 800}",0.75,0.48888888888888893,0.6833333333333333,0.8333333333333333,0.6333333333333333,0.6777777777777778,0.11584365794647435,76,1.0,1.0,1.0,1.0,1.0,1.0,0.0
4.024641227722168,0.4266616906015825,0.15159239768981933,0.02672032369010806,5,sqrt,4,800,"{'max_depth': 5, 'max_features': 'sqrt', 'min_samples_leaf': 4, 'n_estimators': 800}",0.75,0.48888888888888893,0.6833333333333333,0.7833333333333333,0.6833333333333333,0.6777777777777778,0.10207719180316312,76,0.986842105263158,0.9736842105263157,0.9740215924426451,0.9612010796221322,0.9871794871794872,0.9765856950067476,0.009686093212735137
1.9602144718170167,0.3603167972138985,0.06165046691894531,0.011636394795091388,7,sqrt,2,500,"{'max_depth': 7, 'max_features': 'sqrt', 'min_samples_leaf': 2, 'n_estimators': 500}",0.8,0.48888888888888893,0.6833333333333333,0.7833333333333333,0.6333333333333333,0.6777777777777778,0.11292956397575032,76,1.0,1.0,1.0,1.0,1.0,1.0,0.0
1.319310235977173,0.2732428084947688,0.04149055480957031,0.010374965494652673,7,,1,300,"{'max_depth': 7, 'max_features': None, 'min_samples_leaf': 1, 'n_estimators': 300}",0.75,0.5944444444444444,0.788888888888889,0.7333333333333334,0.5222222222222221,0.6777777777777778,0.10177438131159548,76,1.0,1.0,1.0,1.0,1.0,1.0,0.0
1.7520875453948974,0.07299218658220458,0.056357955932617186,0.0034825798065875836,10,sqrt,2,500,"{'max_depth': 10, 'max_features': 'sqrt', 'min_samples_leaf': 2, 'n_estimators': 500}",0.8,0.48888888888888893,0.6833333333333333,0.7833333333333333,0.6333333333333333,0.6777777777777778,0.11292956397575032,76,1.0,1.0,1.0,1.0,1.0,1.0,0.0
1.6172292232513428,0.12052730946774327,0.05704751014709473,0.0075267119590979375,,sqrt,2,500,"{'max_depth': None, 'max_features': 'sqrt', 'min_samples_leaf': 2, 'n_estimators': 500}",0.8,0.48888888888888893,0.6833333333333333,0.7833333333333333,0.6333333333333333,0.6777777777777778,0.11292956397575032,76,1.0,1.0,1.0,1.0,1.0,1.0,0.0
3.4322016716003416,1.3107984339580288,0.12626237869262696,0.07230653511455395,3,,6,500,"{'max_depth': 3, 'max_features': None, 'min_samples_leaf': 6, 'n_estimators': 500}",0.8,0.6444444444444444,0.6888888888888889,0.7333333333333334,0.5222222222222221,0.6777777777777778,0.09322745317068018,76,0.9078947368421053,0.895748987854251,0.9345479082321188,0.8701079622132254,0.9483805668016194,0.911336032388664,0.0278051828003055
3.4548739910125734,0.7705320416757956,0.14860272407531738,0.07592273584113823,7,log2,1,800,"{'max_depth': 7, 'max_features': 'log2', 'min_samples_leaf': 1, 'n_estimators': 800}",0.8,0.48888888888888893,0.6833333333333333,0.8333333333333333,0.5833333333333333,0.6777777777777777,0.12943371438598633,89,1.0,1.0,1.0,1.0,1.0,1.0,0.0
6.83508939743042,1.6940026230290028,0.2721895694732666,0.12766102287854109,7,log2,1,1200,"{'max_depth': 7, 'max_features': 'log2', 'min_samples_leaf': 1, 'n_estimators': 1200}",0.8,0.48888888888888893,0.6833333333333333,0.8333333333333333,0.5833333333333333,0.6777777777777777,0.12943371438598633,89,1.0,1.0,1.0,1.0,1.0,1.0,0.0
1.3997880458831786,0.3349237182837328,0.04427380561828613,0.010973333263745272,5,sqrt,2,300,"{'max_depth': 5, 'max_features': 'sqrt', 'min_samples_leaf': 2, 'n_estimators': 300}",0.75,0.48888888888888893,0.7388888888888889,0.8333333333333333,0.5777777777777777,0.6777777777777777,0.12556047188014796,89,1.0,0.986842105263158,0.986842105263158,1.0,1.0,0.9947368421052631,0.006446025638903066
2.570423889160156,0.3811899262313198,0.09820032119750977,0.020833577641034617,5,log2,2,800,"{'max_depth': 5, 'max_features': 'log2', 'min_samples_leaf': 2, 'n_estimators': 800}",0.75,0.48888888888888893,0.6333333333333333,0.8333333333333333,0.6777777777777778,0.6766666666666667,0.11581168196262559,92,1.0,0.986842105263158,0.986842105263158,0.9743589743589743,1.0,0.989608636977058,0.009631411696761178
2.8513038635253904,0.4769006196750475,0.11503834724426269,0.05785776341210839,5,log2,4,800,"{'max_depth': 5, 'max_features': 'log2', 'min_samples_leaf': 4, 'n_estimators': 800}",0.75,0.48888888888888893,0.6833333333333333,0.8333333333333333,0.6277777777777778,0.6766666666666666,0.11629039852938612,93,0.986842105263158,0.9736842105263157,0.9740215924426451,0.9612010796221322,0.9871794871794872,0.9765856950067476,0.009686093212735137
1.3626965522766112,0.03164787974467655,0.043969249725341795,0.005157318073298269,10,sqrt,1,300,"{'max_depth': 10, 'max_features': 'sqrt', 'min_samples_leaf': 1, 'n_estimators': 300}",0.75,0.48888888888888893,0.6833333333333333,0.8333333333333333,0.6277777777777778,0.6766666666666666,0.11629039852938612,93,1.0,1.0,1.0,1.0,1.0,1.0,0.0
0.9814540863037109,0.05253354063755979,0.039974021911621097,0.006285875623302306,,sqrt,1,300,"{'max_depth': None, 'max_features': 'sqrt', 'min_samples_leaf': 1, 'n_estimators': 300}",0.75,0.48888888888888893,0.6833333333333333,0.8333333333333333,0.6277777777777778,0.6766666666666666,0.11629039852938612,93,1.0,1.0,1.0,1.0,1.0,1.0,0.0
7.827737522125244,1.7275392672227303,0.15638213157653807,0.020364413650450365,3,,6,1200,"{'max_depth': 3, 'max_features': None, 'min_samples_leaf': 6, 'n_estimators': 1200}",0.8,0.5888888888888889,0.6888888888888889,0.7333333333333334,0.5722222222222222,0.6766666666666665,0.0862382573863656,96,0.8947368421052632,0.895748987854251,0.9345479082321188,0.8701079622132254,0.9355600539811066,0.906140350877193,0.025333226072543895
1.2076441287994384,0.26100068250420577,0.050607156753540036,0.014204644099198159,7,sqrt,1,300,"{'max_depth': 7, 'max_features': 'sqrt', 'min_samples_leaf': 1, 'n_estimators': 300}",0.8,0.48888888888888893,0.6833333333333333,0.8333333333333333,0.5777777777777777,0.6766666666666665,0.13026089679780303,96,1.0,1.0,1.0,1.0,1.0,1.0,0.0
2.972690534591675,0.39541581246238544,0.10362467765808106,0.01196035219528081,3,sqrt,4,800,"{'max_depth': 3, 'max_features': 'sqrt', 'min_samples_leaf': 4, 'n_estimators': 800}",0.8,0.48888888888888893,0.6833333333333333,0.8333333333333333,0.5666666666666667,0.6744444444444444,0.1320119710247035,98,0.9210526315789473,0.9082321187584346,0.9082321187584346,0.909919028340081,0.9487179487179487,0.9192307692307692,0.015501368193584306
1.4339801788330078,0.029590465657089404,0.050690078735351564,0.0029464464793660904,3,log2,2,500,"{'max_depth': 3, 'max_features': 'log2', 'min_samples_leaf': 2, 'n_estimators': 500}",0.75,0.5444444444444444,0.6833333333333333,0.7777777777777778,0.6166666666666667,0.6744444444444444,0.08567812288292002,98,0.9342105263157895,0.9473684210526316,0.9078947368421053,0.9355600539811066,0.9230769230769231,0.9296221322537113,0.013312869827234567
3.8691145896911623,0.3362951965558067,0.15378956794738768,0.024891953869122584,3,log2,2,1200,"{'max_depth': 3, 'max_features': 'log2', 'min_samples_leaf': 2, 'n_estimators': 1200}",0.8,0.5444444444444444,0.6833333333333333,0.7777777777777778,0.5666666666666667,0.6744444444444444,0.10491619230322559,98,0.9342105263157895,0.9342105263157895,0.9210526315789473,0.9227395411605939,0.9230769230769231,0.9270580296896087,0.005880132234557173
1.535766077041626,0.297668007057716,0.05206003189086914,0.003909326947789552,3,log2,4,500,"{'max_depth': 3, 'max_features': 'log2', 'min_samples_leaf': 4, 'n_estimators': 500}",0.75,0.5444444444444444,0.6833333333333333,0.7777777777777778,0.6166666666666667,0.6744444444444444,0.08567812288292002,98,0.9078947368421053,0.9473684210526316,0.9082321187584346,0.9227395411605939,0.9230769230769231,0.9218623481781376,0.014378329066066241
4.199750995635986,0.6970044987666301,0.14222049713134766,0.03220487715302428,3,log2,4,1200,"{'max_depth': 3, 'max_features': 'log2', 'min_samples_leaf': 4, 'n_estimators': 1200}",0.8,0.5444444444444444,0.6833333333333333,0.7777777777777778,0.5666666666666667,0.6744444444444444,0.10491619230322559,98,0.9078947368421053,0.9342105263157895,0.9213900134952766,0.909919028340081,0.9487179487179487,0.9244264507422402,0.015354398907922805
2.5671700477600097,0.2894384781653222,0.07958846092224121,0.004477365734468772,3,log2,1,800,"{'max_depth': 3, 'max_features': 'log2', 'min_samples_leaf': 1, 'n_estimators': 800}",0.8,0.5444444444444444,0.6333333333333333,0.7777777777777778,0.6166666666666667,0.6744444444444444,0.09835687100591436,98,0.9342105263157895,0.9342105263157895,0.9210526315789473,0.9358974358974359,0.9230769230769231,0.9296896086369772,0.006288712040314311
3.7816643714904785,0.2691935729646725,0.12960319519042968,0.01346339307501272,,log2,4,1200,"{'max_depth': None, 'max_features': 'log2', 'min_samples_leaf': 4, 'n_estimators': 1200}",0.75,0.48888888888888893,0.6833333333333333,0.7833333333333333,0.6333333333333333,0.6677777777777778,0.10348256846111155,104,0.986842105263158,0.986842105263158,0.9740215924426451,0.9740215924426451,1.0,0.9843454790823213,0.009702531426730741
2.4623122692108153,0.14480013499611788,0.08218045234680176,0.004869793296619934,,sqrt,4,800,"{'max_depth': None, 'max_features': 'sqrt', 'min_samples_leaf': 4, 'n_estimators': 800}",0.75,0.48888888888888893,0.6833333333333333,0.7833333333333333,0.6333333333333333,0.6677777777777778,0.10348256846111155,104,1.0,0.9736842105263157,0.9740215924426451,0.9740215924426451,1.0,0.9843454790823213,0.012782456479449667
3.929388475418091,0.18209584044425325,0.14021215438842774,0.018737447802620634,,sqrt,4,1200,"{'max_depth': None, 'max_features': 'sqrt', 'min_samples_leaf': 4, 'n_estimators': 1200}",0.75,0.48888888888888893,0.6833333333333333,0.7833333333333333,0.6333333333333333,0.6677777777777778,0.10348256846111155,104,0.986842105263158,0.986842105263158,0.9740215924426451,0.9740215924426451,1.0,0.9843454790823213,0.009702531426730741
4.0956097602844235,0.43460461461643546,0.1498885154724121,0.02500228753763521,10,log2,4,1200,"{'max_depth': 10, 'max_features': 'log2', 'min_samples_leaf': 4, 'n_estimators': 1200}",0.75,0.48888888888888893,0.6833333333333333,0.7833333333333333,0.6333333333333333,0.6677777777777778,0.10348256846111155,104,0.986842105263158,0.986842105263158,0.9740215924426451,0.9740215924426451,1.0,0.9843454790823213,0.009702531426730741
8.236926412582397,1.1652168332852137,0.22228059768676758,0.0888260880238597,5,sqrt,4,1200,"{'max_depth': 5, 'max_features': 'sqrt', 'min_samples_leaf': 4, 'n_estimators': 1200}",0.75,0.48888888888888893,0.6833333333333333,0.7833333333333333,0.6333333333333333,0.6677777777777778,0.10348256846111155,104,0.986842105263158,0.9736842105263157,0.9740215924426451,0.9612010796221322,0.9871794871794872,0.9765856950067476,0.009686093212735137
4.090898036956787,0.32231449914011995,0.12509164810180665,0.011468067906559447,10,sqrt,4,1200,"{'max_depth': 10, 'max_features': 'sqrt', 'min_samples_leaf': 4, 'n_estimators': 1200}",0.75,0.48888888888888893,0.6833333333333333,0.7833333333333333,0.6333333333333333,0.6677777777777778,0.10348256846111155,104,0.986842105263158,0.986842105263158,0.9740215924426451,0.9740215924426451,1.0,0.9843454790823213,0.009702531426730741
4.035945272445678,0.22238480685051498,0.12127585411071777,0.004259220572734535,7,sqrt,4,1200,"{'max_depth': 7, 'max_features': 'sqrt', 'min_samples_leaf': 4, 'n_estimators': 1200}",0.75,0.48888888888888893,0.6833333333333333,0.7833333333333333,0.6333333333333333,0.6677777777777778,0.10348256846111155,104,0.986842105263158,0.986842105263158,0.9740215924426451,0.9740215924426451,1.0,0.9843454790823213,0.009702531426730741
2.7857985973358153,0.19481992787670138,0.09395861625671387,0.015355251651558936,10,sqrt,4,800,"{'max_depth': 10, 'max_features': 'sqrt', 'min_samples_leaf': 4, 'n_estimators': 800}",0.75,0.48888888888888893,0.6833333333333333,0.7833333333333333,0.6333333333333333,0.6677777777777778,0.10348256846111155,104,1.0,0.9736842105263157,0.9740215924426451,0.9740215924426451,1.0,0.9843454790823213,0.012782456479449667
4.510771751403809,0.5158477949331768,0.15154523849487306,0.03186973549474134,7,log2,4,1200,"{'max_depth': 7, 'max_features': 'log2', 'min_samples_leaf': 4, 'n_estimators': 1200}",0.75,0.48888888888888893,0.6833333333333333,0.7833333333333333,0.6333333333333333,0.6677777777777778,0.10348256846111155,104,0.986842105263158,0.986842105263158,0.9740215924426451,0.9740215924426451,1.0,0.9843454790823213,0.009702531426730741
3.2361791133880615,0.2370345917132633,0.1075127124786377,0.04644388982057393,7,sqrt,4,800,"{'max_depth': 7, 'max_features': 'sqrt', 'min_samples_leaf': 4, 'n_estimators': 800}",0.75,0.48888888888888893,0.6833333333333333,0.7833333333333333,0.6333333333333333,0.6677777777777778,0.10348256846111155,104,1.0,0.9736842105263157,0.9740215924426451,0.9740215924426451,1.0,0.9843454790823213,0.012782456479449667
2.2089138507843016,0.7098013963202453,0.07659587860107422,0.03608863329956963,5,,1,300,"{'max_depth': 5, 'max_features': None, 'min_samples_leaf': 1, 'n_estimators': 300}",0.75,0.5944444444444444,0.7388888888888889,0.7333333333333334,0.5222222222222221,0.6677777777777778,0.09238940669327739,104,1.0,0.986842105263158,1.0,0.9871794871794872,0.9871794871794872,0.9922402159244263,0.00633703475404796
4.3392205238342285,1.0860711151998421,0.11408481597900391,0.02771580418906166,7,log2,2,800,"{'max_depth': 7, 'max_features': 'log2', 'min_samples_leaf': 2, 'n_estimators': 800}",0.8,0.48888888888888893,0.6333333333333333,0.8333333333333333,0.5833333333333333,0.6677777777777777,0.13054491682421793,115,1.0,1.0,1.0,1.0,1.0,1.0,0.0
4.512732076644897,0.3430198573544796,0.16346545219421388,0.04900155318115386,7,sqrt,1,1200,"{'max_depth': 7, 'max_features': 'sqrt', 'min_samples_leaf': 1, 'n_estimators': 1200}",0.75,0.48888888888888893,0.6833333333333333,0.8333333333333333,0.5833333333333333,0.6677777777777777,0.12127919019893164,115,1.0,1.0,1.0,1.0,1.0,1.0,0.0
5.3280257225036625,2.362793968703613,0.18171367645263672,0.06684440668249167,3,,2,800,"{'max_depth': 3, 'max_features': None, 'min_samples_leaf': 2, 'n_estimators': 800}",0.8,0.6444444444444444,0.6888888888888889,0.6833333333333333,0.5222222222222221,0.6677777777777777,0.08933222774329684,115,0.9736842105263157,0.9342105263157895,0.9736842105263157,0.9355600539811066,0.9487179487179487,0.9531713900134953,0.017498904303778227
3.891783332824707,0.23252953166657964,0.12586374282836915,0.013252651948440925,,sqrt,1,1200,"{'max_depth': None, 'max_features': 'sqrt', 'min_samples_leaf': 1, 'n_estimators': 1200}",0.75,0.48888888888888893,0.6833333333333333,0.8333333333333333,0.5833333333333333,0.6677777777777777,0.12127919019893164,115,1.0,1.0,1.0,1.0,1.0,1.0,0.0
6.974395608901977,1.7615402024254914,0.157410192489624,0.016382349224217576,10,sqrt,1,1200,"{'max_depth': 10, 'max_features': 'sqrt', 'min_samples_leaf': 1, 'n_estimators': 1200}",0.75,0.48888888888888893,0.6833333333333333,0.8333333333333333,0.5833333333333333,0.6677777777777777,0.12127919019893164,115,1.0,1.0,1.0,1.0,1.0,1.0,0.0
6.25128059387207,1.5141255311160755,0.23167014122009277,0.03995222072275303,3,,1,800,"{'max_depth': 3, 'max_features': None, 'min_samples_leaf': 1, 'n_estimators': 800}",0.8,0.6444444444444444,0.6888888888888889,0.6833333333333333,0.5222222222222221,0.6677777777777777,0.08933222774329684,115,0.9736842105263157,0.9342105263157895,0.9736842105263157,0.9355600539811066,0.9487179487179487,0.9531713900134953,0.017498904303778227
3.3180641174316405,1.340202698312379,0.10531902313232422,0.0697070236454311,3,,4,500,"{'max_depth': 3, 'max_features': None, 'min_samples_leaf': 4, 'n_estimators': 500}",0.8,0.6444444444444444,0.6888888888888889,0.6833333333333333,0.5222222222222221,0.6677777777777777,0.08933222774329684,115,0.9473684210526316,0.9213900134952766,0.9477058029689609,0.9355600539811066,0.9615384615384616,0.9427125506072874,0.013467244840874436
1.1579816341400146,0.11638911768275434,0.0393977165222168,0.0041836079439650144,10,sqrt,4,300,"{'max_depth': 10, 'max_features': 'sqrt', 'min_samples_leaf': 4, 'n_estimators': 300}",0.75,0.48888888888888893,0.6833333333333333,0.7833333333333333,0.6277777777777778,0.6666666666666667,0.10387551904462437,122,1.0,0.9736842105263157,0.9740215924426451,0.9740215924426451,1.0,0.9843454790823213,0.012782456479449667
0.9507009983062744,0.08536312651040119,0.032913923263549805,0.00109105700873088,,sqrt,4,300,"{'max_depth': None, 'max_features': 'sqrt', 'min_samples_leaf': 4, 'n_estimators': 300}",0.75,0.48888888888888893,0.6833333333333333,0.7833333333333333,0.6277777777777778,0.6666666666666667,0.10387551904462437,122,1.0,0.9736842105263157,0.9740215924426451,0.9740215924426451,1.0,0.9843454790823213,0.012782456479449667
1.2289108753204345,0.21764575697516828,0.043831586837768555,0.01500871280336278,7,sqrt,4,300,"{'max_depth': 7, 'max_features': 'sqrt', 'min_samples_leaf': 4, 'n_estimators': 300}",0.75,0.48888888888888893,0.6833333333333333,0.7833333333333333,0.6277777777777778,0.6666666666666667,0.10387551904462437,122,1.0,0.9736842105263157,0.9740215924426451,0.9740215924426451,1.0,0.9843454790823213,0.012782456479449667
3.222199869155884,0.31411881508503914,0.081184720993042,0.005972903989788812,,,6,800,"{'max_depth': None, 'max_features': None, 'min_samples_leaf': 6, 'n_estimators': 800}",0.8,0.5888888888888889,0.6888888888888889,0.7333333333333334,0.5222222222222221,0.6666666666666666,0.09962894120648846,125,0.9736842105263158,0.9089068825910931,0.9740215924426451,0.9220647773279352,0.9483805668016194,0.9454116059379217,0.026473970081553246
2.044401693344116,0.40489337872945713,0.07229752540588379,0.01914561379948513,7,sqrt,1,500,"{'max_depth': 7, 'max_features': 'sqrt', 'min_samples_leaf': 1, 'n_estimators': 500}",0.75,0.48888888888888893,0.6833333333333333,0.8333333333333333,0.5777777777777777,0.6666666666666666,0.12207061303975346,125,1.0,1.0,1.0,1.0,1.0,1.0,0.0
6.2865424156188965,0.32223084819714376,0.15845394134521484,0.029442546953425394,7,,6,1200,"{'max_depth': 7, 'max_features': None, 'min_samples_leaf': 6, 'n_estimators': 1200}",0.8,0.5888888888888889,0.6888888888888889,0.7333333333333334,0.5222222222222221,0.6666666666666666,0.09962894120648846,125,0.986842105263158,0.9089068825910931,0.9740215924426451,0.895748987854251,0.9483805668016194,0.9427800269905534,0.03551950662247686
4.282816314697266,0.36328195023656584,0.13090739250183106,0.02359033531732593,7,,6,800,"{'max_depth': 7, 'max_features': None, 'min_samples_leaf': 6, 'n_estimators': 800}",0.8,0.5888888888888889,0.6888888888888889,0.7333333333333334,0.5222222222222221,0.6666666666666666,0.09962894120648846,125,0.9736842105263158,0.9089068825910931,0.9740215924426451,0.9220647773279352,0.9483805668016194,0.9454116059379217,0.026473970081553246
2.40714545249939,0.0792562115893788,0.0799057960510254,0.010802236402081401,10,sqrt,1,500,"{'max_depth': 10, 'max_features': 'sqrt', 'min_samples_leaf': 1, 'n_estimators': 500}",0.75,0.48888888888888893,0.6833333333333333,0.8333333333333333,0.5777777777777777,0.6666666666666666,0.12207061303975346,125,1.0,1.0,1.0,1.0,1.0,1.0,0.0
5.247555112838745,0.6075198915153651,0.19333205223083497,0.061915036246319076,5,,6,1200,"{'max_depth': 5, 'max_features': None, 'min_samples_leaf': 6, 'n_estimators': 1200}",0.8,0.5888888888888889,0.6888888888888889,0.7333333333333334,0.5222222222222221,0.6666666666666666,0.09962894120648846,125,0.986842105263158,0.9089068825910931,0.9740215924426451,0.895748987854251,0.9483805668016194,0.9427800269905534,0.03551950662247686
1.699611520767212,0.09536861309542781,0.06164250373840332,0.014157552846541355,,sqrt,1,500,"{'max_depth': None, 'max_features': 'sqrt', 'min_samples_leaf': 1, 'n_estimators': 500}",0.75,0.48888888888888893,0.6833333333333333,0.8333333333333333,0.5777777777777777,0.6666666666666666,0.12207061303975346,125,1.0,1.0,1.0,1.0,1.0,1.0,0.0
5.328602886199951,2.0248321416017157,0.2680849075317383,0.25848808211299673,3,,6,800,"{'max_depth': 3, 'max_features': None, 'min_samples_leaf': 6, 'n_estimators': 800}",0.8,0.5888888888888889,0.6888888888888889,0.7333333333333334,0.5222222222222221,0.6666666666666666,0.09962894120648846,125,0.9210526315789473,0.895748987854251,0.9477058029689609,0.8701079622132254,0.9224021592442645,0.91140350877193,0.02639059922726067
3.771281099319458,0.38870431306077924,0.10882725715637206,0.01781930462074456,5,,6,800,"{'max_depth': 5, 'max_features': None, 'min_samples_leaf': 6, 'n_estimators': 800}",0.8,0.5888888888888889,0.6888888888888889,0.7333333333333334,0.5222222222222221,0.6666666666666666,0.09962894120648846,125,0.9736842105263158,0.9089068825910931,0.9740215924426451,0.9089068825910931,0.9483805668016194,0.9427800269905534,0.029179615628373623
4.959416294097901,0.13826093071383672,0.12473154067993164,0.013883237878316598,10,,6,1200,"{'max_depth': 10, 'max_features': None, 'min_samples_leaf': 6, 'n_estimators': 1200}",0.8,0.5888888888888889,0.6888888888888889,0.7333333333333334,0.5222222222222221,0.6666666666666666,0.09962894120648846,125,0.986842105263158,0.9089068825910931,0.9740215924426451,0.895748987854251,0.9483805668016194,0.9427800269905534,0.03551950662247686
4.394751453399659,0.30311151622865457,0.13583683967590332,0.014972980642168194,,,6,1200,"{'max_depth': None, 'max_features': None, 'min_samples_leaf': 6, 'n_estimators': 1200}",0.8,0.5888888888888889,0.6888888888888889,0.7333333333333334,0.5222222222222221,0.6666666666666666,0.09962894120648846,125,0.986842105263158,0.9089068825910931,0.9740215924426451,0.895748987854251,0.9483805668016194,0.9427800269905534,0.03551950662247686
1.6910443782806397,0.7860939085455668,0.05435810089111328,0.022496038231901227,5,sqrt,4,300,"{'max_depth': 5, 'max_features': 'sqrt', 'min_samples_leaf': 4, 'n_estimators': 300}",0.75,0.48888888888888893,0.6833333333333333,0.8333333333333333,0.5777777777777777,0.6666666666666666,0.12207061303975346,125,1.0,0.9736842105263157,0.9740215924426451,0.9612010796221322,0.9871794871794872,0.979217273954116,0.013247729592779655
3.358118772506714,0.19647192024413773,0.10702266693115234,0.016498790196864534,10,,6,800,"{'max_depth': 10, 'max_features': None, 'min_samples_leaf': 6, 'n_estimators': 800}",0.8,0.5888888888888889,0.6888888888888889,0.7333333333333334,0.5222222222222221,0.6666666666666666,0.09962894120648846,125,0.9736842105263158,0.9089068825910931,0.9740215924426451,0.9220647773279352,0.9483805668016194,0.9454116059379217,0.026473970081553246
1.403519344329834,0.18146699375279524,0.043323326110839847,0.0052249791970686785,10,,4,300,"{'max_depth': 10, 'max_features': None, 'min_samples_leaf': 4, 'n_estimators': 300}",0.8,0.5888888888888889,0.7333333333333334,0.7333333333333334,0.4722222222222222,0.6655555555555556,0.11875901525233236,138,0.986842105263158,0.9608636977058029,0.9740215924426451,0.9612010796221322,0.9743589743589743,0.9714574898785425,0.00968609321273513
1.369002342224121,0.2758832395956209,0.04708466529846191,0.01682485139978571,7,,4,300,"{'max_depth': 7, 'max_features': None, 'min_samples_leaf': 4, 'n_estimators': 300}",0.8,0.5888888888888889,0.7333333333333334,0.7333333333333334,0.4722222222222222,0.6655555555555556,0.11875901525233236,138,0.986842105263158,0.9608636977058029,0.9740215924426451,0.9612010796221322,0.9743589743589743,0.9714574898785425,0.00968609321273513
1.4923264503479003,0.4081662626298205,0.04301939010620117,0.012905976983526777,,,4,300,"{'max_depth': None, 'max_features': None, 'min_samples_leaf': 4, 'n_estimators': 300}",0.8,0.5888888888888889,0.7333333333333334,0.7333333333333334,0.4722222222222222,0.6655555555555556,0.11875901525233236,138,0.986842105263158,0.9608636977058029,0.9740215924426451,0.9612010796221322,0.9743589743589743,0.9714574898785425,0.00968609321273513
1.3727509021759032,0.2698064821708382,0.049883127212524414,0.018493055708598258,5,,6,300,"{'max_depth': 5, 'max_features': None, 'min_samples_leaf': 6, 'n_estimators': 300}",0.75,0.5888888888888889,0.6833333333333333,0.7833333333333333,0.5222222222222221,0.6655555555555555,0.09771462607075848,141,0.9736842105263158,0.895748987854251,0.9608636977058029,0.9220647773279352,0.9483805668016194,0.9401484480431849,0.027999528298772596
5.5128003597259525,2.1993042118535873,0.22101144790649413,0.12210200997608785,3,log2,6,1200,"{'max_depth': 3, 'max_features': 'log2', 'min_samples_leaf': 6, 'n_estimators': 1200}",0.75,0.48888888888888893,0.6833333333333333,0.8333333333333333,0.5722222222222222,0.6655555555555555,0.12289712650710632,141,0.9078947368421053,0.9217273954116059,0.9213900134952766,0.9227395411605939,0.9487179487179487,0.9244939271255062,0.01328685205635626
1.338751745223999,0.21524024110550577,0.04129362106323242,0.006078609700677302,7,,6,300,"{'max_depth': 7, 'max_features': None, 'min_samples_leaf': 6, 'n_estimators': 300}",0.75,0.5888888888888889,0.6833333333333333,0.7833333333333333,0.5222222222222221,0.6655555555555555,0.09771462607075848,141,0.9736842105263158,0.895748987854251,0.9740215924426451,0.9220647773279352,0.9483805668016194,0.9427800269905534,0.030343072451252385
1.8668052196502685,0.24851966018568303,0.07300391197204589,0.016763977029719834,5,log2,4,500,"{'max_depth': 5, 'max_features': 'log2', 'min_samples_leaf': 4, 'n_estimators': 500}",0.75,0.48888888888888893,0.6833333333333333,0.8333333333333333,0.5722222222222222,0.6655555555555555,0.12289712650710632,141,0.986842105263158,0.9736842105263157,0.9740215924426451,0.9612010796221322,0.9743589743589743,0.9740215924426451,0.00811121139012913
1.235297155380249,0.16184188424873697,0.04368314743041992,0.008541911631647171,,,6,300,"{'max_depth': None, 'max_features': None, 'min_samples_leaf': 6, 'n_estimators': 300}",0.75,0.5888888888888889,0.6833333333333333,0.7833333333333333,0.5222222222222221,0.6655555555555555,0.09771462607075848,141,0.9736842105263158,0.895748987854251,0.9740215924426451,0.9220647773279352,0.9483805668016194,0.9427800269905534,0.030343072451252385
1.299138069152832,0.17638077100449162,0.0446436882019043,0.011969408838417942,10,,6,300,"{'max_depth': 10, 'max_features': None, 'min_samples_leaf': 6, 'n_estimators': 300}",0.75,0.5888888888888889,0.6833333333333333,0.7833333333333333,0.5222222222222221,0.6655555555555555,0.09771462607075848,141,0.9736842105263158,0.895748987854251,0.9740215924426451,0.9220647773279352,0.9483805668016194,0.9427800269905534,0.030343072451252385
2.5708596229553224,0.49301825108158887,0.09734773635864258,0.025195104513422696,3,sqrt,2,800,"{'max_depth': 3, 'max_features': 'sqrt', 'min_samples_leaf': 2, 'n_estimators': 800}",0.8,0.48888888888888893,0.6888888888888889,0.7777777777777778,0.5666666666666667,0.6644444444444444,0.12016449630751799,147,0.9342105263157895,0.9342105263157895,0.9210526315789473,0.9227395411605939,0.9230769230769231,0.9270580296896087,0.005880132234557173
2.12693247795105,0.32321723699082705,0.08370451927185059,0.03528431568015918,7,sqrt,4,500,"{'max_depth': 7, 'max_features': 'sqrt', 'min_samples_leaf': 4, 'n_estimators': 500}",0.75,0.48888888888888893,0.6333333333333333,0.7833333333333333,0.6333333333333333,0.6577777777777778,0.10391116813989498,148,1.0,0.9736842105263157,0.9740215924426451,0.9740215924426451,1.0,0.9843454790823213,0.012782456479449667
2.281410074234009,0.038214513115380204,0.056449508666992186,0.00712603009813436,7,,1,500,"{'max_depth': 7, 'max_features': None, 'min_samples_leaf': 1, 'n_estimators': 500}",0.75,0.5944444444444444,0.6888888888888889,0.7333333333333334,0.5222222222222221,0.6577777777777778,0.0866809105104093,148,1.0,1.0,1.0,1.0,1.0,1.0,0.0
1.5027805328369142,0.11457897434573813,0.0568483829498291,0.007109413865443194,,sqrt,4,500,"{'max_depth': None, 'max_features': 'sqrt', 'min_samples_leaf': 4, 'n_estimators': 500}",0.75,0.48888888888888893,0.6333333333333333,0.7833333333333333,0.6333333333333333,0.6577777777777778,0.10391116813989498,148,1.0,0.9736842105263157,0.9740215924426451,0.9740215924426451,1.0,0.9843454790823213,0.012782456479449667
5.053613138198853,1.0550442937000477,0.14656906127929686,0.06997591413163821,5,,1,500,"{'max_depth': 5, 'max_features': None, 'min_samples_leaf': 1, 'n_estimators': 500}",0.75,0.5944444444444444,0.6888888888888889,0.7333333333333334,0.5222222222222221,0.6577777777777778,0.0866809105104093,148,1.0,0.986842105263158,1.0,0.9871794871794872,0.9871794871794872,0.9922402159244263,0.00633703475404796
1.8878920078277588,0.16627692768710967,0.06812934875488282,0.011908574284854131,10,sqrt,4,500,"{'max_depth': 10, 'max_features': 'sqrt', 'min_samples_leaf': 4, 'n_estimators': 500}",0.75,0.48888888888888893,0.6333333333333333,0.7833333333333333,0.6333333333333333,0.6577777777777778,0.10391116813989498,148,1.0,0.9736842105263157,0.9740215924426451,0.9740215924426451,1.0,0.9843454790823213,0.012782456479449667
1.473512887954712,0.1667002496586642,0.0407442569732666,0.009540385913605396,10,,1,300,"{'max_depth': 10, 'max_features': None, 'min_samples_leaf': 1, 'n_estimators': 300}",0.75,0.5944444444444444,0.7333333333333334,0.7333333333333334,0.4722222222222222,0.6566666666666667,0.10803520231050438,153,1.0,1.0,1.0,1.0,1.0,1.0,0.0
1.1284034252166748,0.03732357726166465,0.03333182334899902,0.002216532973881514,,,1,300,"{'max_depth': None, 'max_features': None, 'min_samples_leaf': 1, 'n_estimators': 300}",0.75,0.5944444444444444,0.7333333333333334,0.7333333333333334,0.4722222222222222,0.6566666666666667,0.10803520231050438,153,1.0,1.0,1.0,1.0,1.0,1.0,0.0
2.039805793762207,0.2529074073510016,0.07034316062927246,0.020014360972364573,7,,4,500,"{'max_depth': 7, 'max_features': None, 'min_samples_leaf': 4, 'n_estimators': 500}",0.8,0.5888888888888889,0.6888888888888889,0.7333333333333334,0.4722222222222222,0.6566666666666666,0.11495570805668946,155,1.0,0.9608636977058029,0.9740215924426451,0.9612010796221322,0.9743589743589743,0.9740890688259108,0.014229999742436834
3.588909387588501,0.8133608284687627,0.09554214477539062,0.030962502860867287,,,2,800,"{'max_depth': None, 'max_features': None, 'min_samples_leaf': 2, 'n_estimators': 800}",0.75,0.5388888888888889,0.7388888888888889,0.7333333333333334,0.5222222222222221,0.6566666666666666,0.10324368871393189,155,1.0,0.986842105263158,1.0,1.0,1.0,0.9973684210526315,0.005263157894736814
1.598706102371216,0.1107258912871367,0.055954504013061526,0.00435352416680902,,log2,4,500,"{'max_depth': None, 'max_features': 'log2', 'min_samples_leaf': 4, 'n_estimators': 500}",0.75,0.48888888888888893,0.6833333333333333,0.7833333333333333,0.5777777777777777,0.6566666666666666,0.10939790324575649,155,0.986842105263158,0.9736842105263157,0.9740215924426451,0.9740215924426451,0.9871794871794872,0.9791497975708502,0.006420547176985347
2.4577078342437746,0.07669055250310665,0.07437186241149903,0.014207855485424229,7,,6,500,"{'max_depth': 7, 'max_features': None, 'min_samples_leaf': 6, 'n_estimators': 500}",0.75,0.5888888888888889,0.6888888888888889,0.7333333333333334,0.5222222222222221,0.6566666666666666,0.08751719407784544,155,0.9736842105263158,0.9089068825910931,0.9740215924426451,0.9220647773279352,0.9483805668016194,0.9454116059379217,0.026473970081553246
1.7749243259429932,0.31224536800265973,0.07228221893310546,0.02058810364915939,7,log2,4,500,"{'max_depth': 7, 'max_features': 'log2', 'min_samples_leaf': 4, 'n_estimators': 500}",0.75,0.48888888888888893,0.6833333333333333,0.7833333333333333,0.5777777777777777,0.6566666666666666,0.10939790324575649,155,0.986842105263158,0.9736842105263157,0.9740215924426451,0.9740215924426451,0.9871794871794872,0.9791497975708502,0.006420547176985347
3.250747632980347,0.08639800049198477,0.08698010444641113,0.013464411271659229,,,1,800,"{'max_depth': None, 'max_features': None, 'min_samples_leaf': 1, 'n_estimators': 800}",0.75,0.5944444444444444,0.6833333333333333,0.7333333333333334,0.5222222222222221,0.6566666666666666,0.08630980660417094,155,1.0,1.0,1.0,1.0,1.0,1.0,0.0
3.3106922149658202,0.6174190045137783,0.09114208221435546,0.019249875596013096,7,,2,800,"{'max_depth': 7, 'max_features': None, 'min_samples_leaf': 2, 'n_estimators': 800}",0.75,0.5388888888888889,0.7388888888888889,0.7333333333333334,0.5222222222222221,0.6566666666666666,0.10324368871393189,155,1.0,0.986842105263158,1.0,1.0,1.0,0.9973684210526315,0.005263157894736814
2.2403550148010254,0.37417281806995134,0.061476850509643556,0.01152274592882716,10,,6,500,"{'max_depth': 10, 'max_features': None, 'min_samples_leaf': 6, 'n_estimators': 500}",0.75,0.5888888888888889,0.6888888888888889,0.7333333333333334,0.5222222222222221,0.6566666666666666,0.08751719407784544,155,0.9736842105263158,0.9089068825910931,0.9740215924426451,0.9220647773279352,0.9483805668016194,0.9454116059379217,0.026473970081553246
2.2826704025268554,0.19102317511082442,0.07112588882446289,0.011913487758960808,5,,4,500,"{'max_depth': 5, 'max_features': None, 'min_samples_leaf': 4, 'n_estimators': 500}",0.8,0.5888888888888889,0.6888888888888889,0.7333333333333334,0.4722222222222222,0.6566666666666666,0.11495570805668946,155,1.0,0.9608636977058029,0.9740215924426451,0.9612010796221322,0.9743589743589743,0.9740890688259108,0.014229999742436834
2.723821258544922,0.3917113703529978,0.09067792892456054,0.017934877675028868,5,,6,500,"{'max_depth': 5, 'max_features': None, 'min_samples_leaf': 6, 'n_estimators': 500}",0.75,0.5888888888888889,0.6888888888888889,0.7333333333333334,0.5222222222222221,0.6566666666666666,0.08751719407784544,155,0.9736842105263158,0.9089068825910931,0.9740215924426451,0.9220647773279352,0.9483805668016194,0.9454116059379217,0.026473970081553246
1.5201928615570068,0.09963321221279507,0.04229927062988281,0.008181005623771404,5,,2,300,"{'max_depth': 5, 'max_features': None, 'min_samples_leaf': 2, 'n_estimators': 300}",0.75,0.5944444444444444,0.6833333333333333,0.7333333333333334,0.5222222222222221,0.6566666666666666,0.08630980660417094,155,1.0,0.986842105263158,1.0,0.9871794871794872,0.9871794871794872,0.9922402159244263,0.00633703475404796
6.983163976669312,0.47770053721640726,0.16040802001953125,0.01441242315434528,5,,1,1200,"{'max_depth': 5, 'max_features': None, 'min_samples_leaf': 1, 'n_estimators': 1200}",0.75,0.5388888888888889,0.7388888888888889,0.7333333333333334,0.5222222222222221,0.6566666666666666,0.10324368871393189,155,1.0,0.986842105263158,1.0,0.9871794871794872,0.9871794871794872,0.9922402159244263,0.00633703475404796
2.4888497829437255,0.2602079323948424,0.06825375556945801,0.019060587393891854,10,,4,500,"{'max_depth': 10, 'max_features': None, 'min_samples_leaf': 4, 'n_estimators': 500}",0.8,0.5888888888888889,0.6888888888888889,0.7333333333333334,0.4722222222222222,0.6566666666666666,0.11495570805668946,155,1.0,0.9608636977058029,0.9740215924426451,0.9612010796221322,0.9743589743589743,0.9740890688259108,0.014229999742436834
2.3493983268737795,0.18378193029703485,0.06682453155517579,0.012695725329421328,,,6,500,"{'max_depth': None, 'max_features': None, 'min_samples_leaf': 6, 'n_estimators': 500}",0.75,0.5888888888888889,0.6888888888888889,0.7333333333333334,0.5222222222222221,0.6566666666666666,0.08751719407784544,155,0.9736842105263158,0.9089068825910931,0.9740215924426451,0.9220647773279352,0.9483805668016194,0.9454116059379217,0.026473970081553246
1.5108913421630858,0.045409648191065535,0.05754895210266113,0.003835063359974266,10,log2,4,500,"{'max_depth': 10, 'max_features': 'log2', 'min_samples_leaf': 4, 'n_estimators': 500}",0.75,0.48888888888888893,0.6833333333333333,0.7833333333333333,0.5777777777777777,0.6566666666666666,0.10939790324575649,155,0.986842105263158,0.9736842105263157,0.9740215924426451,0.9740215924426451,0.9871794871794872,0.9791497975708502,0.006420547176985347
3.482458972930908,0.5103127089034306,0.09555153846740723,0.01896921209077587,10,,2,800,"{'max_depth': 10, 'max_features': None, 'min_samples_leaf': 2, 'n_estimators': 800}",0.75,0.5388888888888889,0.7388888888888889,0.7333333333333334,0.5222222222222221,0.6566666666666666,0.10324368871393189,155,1.0,0.986842105263158,1.0,1.0,1.0,0.9973684210526315,0.005263157894736814
3.7614641189575195,0.6432783872951159,0.11463589668273926,0.02488152866767059,10,,1,800,"{'max_depth': 10, 'max_features': None, 'min_samples_leaf': 1, 'n_estimators': 800}",0.75,0.5944444444444444,0.6833333333333333,0.7333333333333334,0.5222222222222221,0.6566666666666666,0.08630980660417094,155,1.0,1.0,1.0,1.0,1.0,1.0,0.0
1.8539448261260987,0.17745926702207715,0.05207037925720215,0.004778629658265083,,,4,500,"{'max_depth': None, 'max_features': None, 'min_samples_leaf': 4, 'n_estimators': 500}",0.8,0.5888888888888889,0.6888888888888889,0.7333333333333334,0.4722222222222222,0.6566666666666666,0.11495570805668946,155,1.0,0.9608636977058029,0.9740215924426451,0.9612010796221322,0.9743589743589743,0.9740890688259108,0.014229999742436834
1.0711266994476318,0.11233532802164466,0.04059333801269531,0.008839960995321486,10,sqrt,6,300,"{'max_depth': 10, 'max_features': 'sqrt', 'min_samples_leaf': 6, 'n_estimators': 300}",0.75,0.5388888888888889,0.6333333333333333,0.8333333333333333,0.5222222222222221,0.6555555555555556,0.12033902725833162,173,0.9736842105263158,0.9477058029689609,0.9608636977058029,0.9483805668016194,0.9615384615384616,0.9584345479082321,0.009636137842438794
1.0148391246795654,0.071447569881414,0.0358062744140625,0.003313786274180305,10,log2,4,300,"{'max_depth': 10, 'max_features': 'log2', 'min_samples_leaf': 4, 'n_estimators': 300}",0.75,0.48888888888888893,0.6833333333333333,0.7833333333333333,0.5722222222222222,0.6555555555555556,0.11021863793455328,173,0.986842105263158,0.9736842105263157,0.9740215924426451,0.9740215924426451,0.9871794871794872,0.9791497975708502,0.006420547176985347
4.274992561340332,0.46917800945414523,0.15052618980407714,0.021295283567054804,10,sqrt,6,1200,"{'max_depth': 10, 'max_features': 'sqrt', 'min_samples_leaf': 6, 'n_estimators': 1200}",0.8,0.5388888888888889,0.6333333333333333,0.7833333333333333,0.5222222222222221,0.6555555555555556,0.11753644036984795,173,0.9736842105263158,0.9608636977058029,0.9608636977058029,0.9483805668016194,0.9743589743589743,0.963630229419703,0.009633775059419576
7.701465272903443,1.5982380896489299,0.14856367111206054,0.028152731520654357,5,sqrt,6,1200,"{'max_depth': 5, 'max_features': 'sqrt', 'min_samples_leaf': 6, 'n_estimators': 1200}",0.8,0.5388888888888889,0.6333333333333333,0.7833333333333333,0.5222222222222221,0.6555555555555556,0.11753644036984795,173,0.9736842105263158,0.9608636977058029,0.9608636977058029,0.9483805668016194,0.9743589743589743,0.963630229419703,0.009633775059419576
3.841085433959961,0.2091893840173371,0.1329638957977295,0.01390689950637666,,sqrt,6,1200,"{'max_depth': None, 'max_features': 'sqrt', 'min_samples_leaf': 6, 'n_estimators': 1200}",0.8,0.5388888888888889,0.6333333333333333,0.7833333333333333,0.5222222222222221,0.6555555555555556,0.11753644036984795,173,0.9736842105263158,0.9608636977058029,0.9608636977058029,0.9483805668016194,0.9743589743589743,0.963630229419703,0.009633775059419576
0.8752586841583252,0.008452551519557233,0.034325361251831055,0.0018208638047723992,,sqrt,6,300,"{'max_depth': None, 'max_features': 'sqrt', 'min_samples_leaf': 6, 'n_estimators': 300}",0.75,0.5388888888888889,0.6333333333333333,0.8333333333333333,0.5222222222222221,0.6555555555555556,0.12033902725833162,173,0.9736842105263158,0.9477058029689609,0.9608636977058029,0.9483805668016194,0.9615384615384616,0.9584345479082321,0.009636137842438794
5.575159025192261,0.500238251950228,0.16138057708740233,0.04181325434898202,10,,1,1200,"{'max_depth': 10, 'max_features': None, 'min_samples_leaf': 1, 'n_estimators': 1200}",0.75,0.5388888888888889,0.7333333333333334,0.7333333333333334,0.5222222222222221,0.6555555555555556,0.10237910666479509,173,1.0,1.0,1.0,1.0,1.0,1.0,0.0
3.707028388977051,0.6178137265603663,0.10187706947326661,0.023300229543069227,10,,4,800,"{'max_depth': 10, 'max_features': None, 'min_samples_leaf': 4, 'n_estimators': 800}",0.8,0.5888888888888889,0.6333333333333333,0.7333333333333334,0.5222222222222221,0.6555555555555556,0.09962894120648846,173,1.0,0.9608636977058029,0.9740215924426451,0.9612010796221322,0.9743589743589743,0.9740890688259108,0.014229999742436834
5.248790979385376,0.9369513802126452,0.13473477363586425,0.016847993349060487,10,,4,1200,"{'max_depth': 10, 'max_features': None, 'min_samples_leaf': 4, 'n_estimators': 1200}",0.8,0.5888888888888889,0.6333333333333333,0.7333333333333334,0.5222222222222221,0.6555555555555556,0.09962894120648846,173,0.986842105263158,0.9608636977058029,0.9740215924426451,0.9612010796221322,0.9743589743589743,0.9714574898785425,0.00968609321273513
5.838270425796509,0.40731401151482394,0.16508564949035645,0.023739720238119044,7,,4,1200,"{'max_depth': 7, 'max_features': None, 'min_samples_leaf': 4, 'n_estimators': 1200}",0.8,0.5888888888888889,0.6333333333333333,0.7333333333333334,0.5222222222222221,0.6555555555555556,0.09962894120648846,173,0.986842105263158,0.9608636977058029,0.9740215924426451,0.9612010796221322,0.9743589743589743,0.9714574898785425,0.00968609321273513
0.8895778179168701,0.03246890788087527,0.032701539993286136,0.0014490574846397926,,log2,4,300,"{'max_depth': None, 'max_features': 'log2', 'min_samples_leaf': 4, 'n_estimators': 300}",0.75,0.48888888888888893,0.6833333333333333,0.7833333333333333,0.5722222222222222,0.6555555555555556,0.11021863793455328,173,0.986842105263158,0.9736842105263157,0.9740215924426451,0.9740215924426451,0.9871794871794872,0.9791497975708502,0.006420547176985347
1.522098970413208,0.26635298216990766,0.06980681419372559,0.02703136805972652,5,sqrt,6,300,"{'max_depth': 5, 'max_features': 'sqrt', 'min_samples_leaf': 6, 'n_estimators': 300}",0.75,0.5388888888888889,0.6333333333333333,0.8333333333333333,0.5222222222222221,0.6555555555555556,0.12033902725833162,173,0.9736842105263158,0.9477058029689609,0.9608636977058029,0.9483805668016194,0.9615384615384616,0.9584345479082321,0.009636137842438794
3.2853567600250244,0.33663934928509565,0.09177570343017578,0.025364027544648178,7,,4,800,"{'max_depth': 7, 'max_features': None, 'min_samples_leaf': 4, 'n_estimators': 800}",0.8,0.5888888888888889,0.6333333333333333,0.7333333333333334,0.5222222222222221,0.6555555555555556,0.09962894120648846,173,1.0,0.9608636977058029,0.9740215924426451,0.9612010796221322,0.9743589743589743,0.9740890688259108,0.014229999742436834
1.16898512840271,0.2762637597816872,0.03815326690673828,0.005558371924263832,5,log2,4,300,"{'max_depth': 5, 'max_features': 'log2', 'min_samples_leaf': 4, 'n_estimators': 300}",0.75,0.48888888888888893,0.6833333333333333,0.7833333333333333,0.5722222222222222,0.6555555555555556,0.11021863793455328,173,0.986842105263158,0.9736842105263157,0.9608636977058029,0.9612010796221322,0.9743589743589743,0.9713900134952766,0.009669156180365034
4.960174655914306,0.47895319166761796,0.15618495941162108,0.034247480752769975,,,4,1200,"{'max_depth': None, 'max_features': None, 'min_samples_leaf': 4, 'n_estimators': 1200}",0.8,0.5888888888888889,0.6333333333333333,0.7333333333333334,0.5222222222222221,0.6555555555555556,0.09962894120648846,173,0.986842105263158,0.9608636977058029,0.9740215924426451,0.9612010796221322,0.9743589743589743,0.9714574898785425,0.00968609321273513
1.0381516456604003,0.1501978311801549,0.03730154037475586,0.005299535865026183,7,sqrt,6,300,"{'max_depth': 7, 'max_features': 'sqrt', 'min_samples_leaf': 6, 'n_estimators': 300}",0.75,0.5388888888888889,0.6333333333333333,0.8333333333333333,0.5222222222222221,0.6555555555555556,0.12033902725833162,173,0.9736842105263158,0.9477058029689609,0.9608636977058029,0.9483805668016194,0.9615384615384616,0.9584345479082321,0.009636137842438794
4.708516073226929,0.7941121303206171,0.12885265350341796,0.01639112275511959,7,sqrt,6,1200,"{'max_depth': 7, 'max_features': 'sqrt', 'min_samples_leaf': 6, 'n_estimators': 1200}",0.8,0.5388888888888889,0.6333333333333333,0.7833333333333333,0.5222222222222221,0.6555555555555556,0.11753644036984795,173,0.9736842105263158,0.9608636977058029,0.9608636977058029,0.9483805668016194,0.9743589743589743,0.963630229419703,0.009633775059419576
5.474164533615112,0.8606245314763078,0.13187088966369628,0.0075186185967647205,,,1,1200,"{'max_depth': None, 'max_features': None, 'min_samples_leaf': 1, 'n_estimators': 1200}",0.75,0.5388888888888889,0.7333333333333334,0.7333333333333334,0.5222222222222221,0.6555555555555556,0.10237910666479509,173,1.0,1.0,1.0,1.0,1.0,1.0,0.0
5.141077136993408,0.6726635490518736,0.17347073554992676,0.036074631227125044,5,,4,1200,"{'max_depth': 5, 'max_features': None, 'min_samples_leaf': 4, 'n_estimators': 1200}",0.8,0.5888888888888889,0.6333333333333333,0.7333333333333334,0.5222222222222221,0.6555555555555556,0.09962894120648846,173,0.986842105263158,0.9608636977058029,0.9740215924426451,0.9612010796221322,0.9743589743589743,0.9714574898785425,0.00968609321273513
3.139716291427612,0.2661130292088548,0.08357582092285157,0.00686326479410246,,,4,800,"{'max_depth': None, 'max_features': None, 'min_samples_leaf': 4, 'n_estimators': 800}",0.8,0.5888888888888889,0.6333333333333333,0.7333333333333334,0.5222222222222221,0.6555555555555556,0.09962894120648846,173,1.0,0.9608636977058029,0.9740215924426451,0.9612010796221322,0.9743589743589743,0.9740890688259108,0.014229999742436834
3.8321521282196045,0.35353692784399166,0.11238574981689453,0.02929310821500286,5,,4,800,"{'max_depth': 5, 'max_features': None, 'min_samples_leaf': 4, 'n_estimators': 800}",0.8,0.5888888888888889,0.6333333333333333,0.7333333333333334,0.5222222222222221,0.6555555555555556,0.09962894120648846,173,1.0,0.9608636977058029,0.9740215924426451,0.9612010796221322,0.9743589743589743,0.9740890688259108,0.014229999742436834
1.691403293609619,0.2029992792640299,0.06392154693603516,0.011819733830166492,3,sqrt,4,500,"{'max_depth': 3, 'max_features': 'sqrt', 'min_samples_leaf': 4, 'n_estimators': 500}",0.8,0.48888888888888893,0.6333333333333333,0.8333333333333333,0.5166666666666666,0.6544444444444444,0.1414388145863961,194,0.9210526315789473,0.9082321187584346,0.9082321187584346,0.909919028340081,0.9358974358974359,0.9166666666666666,0.010741256846736243
3.907050037384033,0.41012859734271634,0.14690809249877929,0.025768495158547636,3,sqrt,6,1200,"{'max_depth': 3, 'max_features': 'sqrt', 'min_samples_leaf': 6, 'n_estimators': 1200}",0.8,0.48888888888888893,0.6333333333333333,0.8333333333333333,0.5166666666666666,0.6544444444444444,0.1414388145863961,194,0.9078947368421053,0.8954116059379217,0.9213900134952766,0.909919028340081,0.9487179487179487,0.9166666666666666,0.01802137435830157
2.376683568954468,0.2963180772962901,0.08906693458557129,0.053394552689065074,5,,2,500,"{'max_depth': 5, 'max_features': None, 'min_samples_leaf': 2, 'n_estimators': 500}",0.75,0.5944444444444444,0.6888888888888889,0.6833333333333333,0.5222222222222221,0.6477777777777778,0.08001543061061707,196,1.0,0.986842105263158,1.0,0.9871794871794872,0.9871794871794872,0.9922402159244263,0.00633703475404796
6.429428052902222,1.109072428786276,0.1368867874145508,0.014668298473846543,5,,2,1200,"{'max_depth': 5, 'max_features': None, 'min_samples_leaf': 2, 'n_estimators': 1200}",0.75,0.5388888888888889,0.6888888888888889,0.7333333333333334,0.5222222222222221,0.6466666666666667,0.09702996864275915,197,1.0,0.986842105263158,1.0,0.9871794871794872,0.9871794871794872,0.9922402159244263,0.00633703475404796
2.0970333576202393,0.1315865880645002,0.05046520233154297,0.004019195483931657,,,1,500,"{'max_depth': None, 'max_features': None, 'min_samples_leaf': 1, 'n_estimators': 500}",0.75,0.5944444444444444,0.6333333333333333,0.7333333333333334,0.5222222222222221,0.6466666666666667,0.08553390779518995,197,1.0,1.0,1.0,1.0,1.0,1.0,0.0
2.4642679691314697,0.18402082280978235,0.09460568428039551,0.023376734029439978,,log2,4,800,"{'max_depth': None, 'max_features': 'log2', 'min_samples_leaf': 4, 'n_estimators': 800}",0.75,0.48888888888888893,0.6833333333333333,0.7833333333333333,0.5277777777777778,0.6466666666666667,0.11809182449410151,197,0.986842105263158,0.986842105263158,0.9740215924426451,0.9740215924426451,1.0,0.9843454790823213,0.009702531426730741
3.6042692184448244,0.09312092342372452,0.12270698547363282,0.04267858363761647,7,,1,800,"{'max_depth': 7, 'max_features': None, 'min_samples_leaf': 1, 'n_estimators': 800}",0.75,0.5944444444444444,0.6333333333333333,0.7333333333333334,0.5222222222222221,0.6466666666666667,0.08553390779518995,197,1.0,1.0,1.0,1.0,1.0,1.0,0.0
6.405278158187866,1.0025314558641567,0.1290520668029785,0.021169916519916343,5,,1,800,"{'max_depth': 5, 'max_features': None, 'min_samples_leaf': 1, 'n_estimators': 800}",0.75,0.5388888888888889,0.6888888888888889,0.7333333333333334,0.5222222222222221,0.6466666666666667,0.09702996864275915,197,1.0,0.986842105263158,1.0,0.9871794871794872,0.9871794871794872,0.9922402159244263,0.00633703475404796
1.4495002269744872,0.2182509206408607,0.04757556915283203,0.01073008582846952,10,,2,300,"{'max_depth': 10, 'max_features': None, 'min_samples_leaf': 2, 'n_estimators': 300}",0.7,0.5944444444444444,0.6833333333333333,0.7333333333333334,0.5222222222222221,0.6466666666666667,0.07734801903980942,197,1.0,0.986842105263158,1.0,1.0,1.0,0.9973684210526315,0.005263157894736814
2.2168228149414064,0.33488945528466757,0.06592812538146972,0.016975952650927873,10,,1,500,"{'max_depth': 10, 'max_features': None, 'min_samples_leaf': 1, 'n_estimators': 500}",0.75,0.5944444444444444,0.6333333333333333,0.7333333333333334,0.5222222222222221,0.6466666666666667,0.08553390779518995,197,1.0,1.0,1.0,1.0,1.0,1.0,0.0
2.988622760772705,0.4360526976593754,0.08936667442321777,0.016292113192535467,7,log2,4,800,"{'max_depth': 7, 'max_features': 'log2', 'min_samples_leaf': 4, 'n_estimators': 800}",0.75,0.48888888888888893,0.6833333333333333,0.7833333333333333,0.5277777777777778,0.6466666666666667,0.11809182449410151,197,0.986842105263158,0.986842105263158,0.9740215924426451,0.9740215924426451,1.0,0.9843454790823213,0.009702531426730741
1.4202253341674804,0.18931078634469065,0.04268970489501953,0.016728046872733143,7,,2,300,"{'max_depth': 7, 'max_features': None, 'min_samples_leaf': 2, 'n_estimators': 300}",0.7,0.5944444444444444,0.6833333333333333,0.7333333333333334,0.5222222222222221,0.6466666666666667,0.07734801903980942,197,1.0,0.986842105263158,1.0,1.0,1.0,0.9973684210526315,0.005263157894736814
2.548008108139038,0.4725761421654571,0.07771196365356445,0.010263829214912253,5,sqrt,4,500,"{'max_depth': 5, 'max_features': 'sqrt', 'min_samples_leaf': 4, 'n_estimators': 500}",0.75,0.48888888888888893,0.6333333333333333,0.7833333333333333,0.5777777777777777,0.6466666666666667,0.10878680021599388,197,1.0,0.9736842105263157,0.9740215924426451,0.9740215924426451,1.0,0.9843454790823213,0.012782456479449667
2.758738660812378,0.15987567454574175,0.09656820297241211,0.022097968722932758,10,log2,4,800,"{'max_depth': 10, 'max_features': 'log2', 'min_samples_leaf': 4, 'n_estimators': 800}",0.75,0.48888888888888893,0.6833333333333333,0.7833333333333333,0.5277777777777778,0.6466666666666667,0.11809182449410151,197,0.986842105263158,0.986842105263158,0.9740215924426451,0.9740215924426451,1.0,0.9843454790823213,0.009702531426730741
1.3046030521392822,0.14354946442946198,0.03710756301879883,0.005253027698788472,,,2,300,"{'max_depth': None, 'max_features': None, 'min_samples_leaf': 2, 'n_estimators': 300}",0.7,0.5944444444444444,0.6833333333333333,0.7333333333333334,0.5222222222222221,0.6466666666666667,0.07734801903980942,197,1.0,0.986842105263158,1.0,1.0,1.0,0.9973684210526315,0.005263157894736814
2.4744840621948243,0.1255402763149467,0.127858304977417,0.08192786661743726,7,sqrt,6,800,"{'max_depth': 7, 'max_features': 'sqrt', 'min_samples_leaf': 6, 'n_estimators': 800}",0.8,0.5388888888888889,0.6333333333333333,0.7333333333333334,0.5222222222222221,0.6455555555555555,0.10797804989561197,209,0.9736842105263158,0.9477058029689609,0.9608636977058029,0.9483805668016194,0.9743589743589743,0.9609986504723347,0.01162201127823745
1.0619918823242187,0.16990095132226843,0.04507932662963867,0.01162024901774511,3,log2,6,300,"{'max_depth': 3, 'max_features': 'log2', 'min_samples_leaf': 6, 'n_estimators': 300}",0.7,0.5444444444444444,0.6833333333333333,0.7833333333333333,0.5166666666666666,0.6455555555555555,0.10020965676341766,209,0.9078947368421053,0.9082321187584346,0.9213900134952766,0.9355600539811066,0.9487179487179487,0.9243589743589744,0.015866853082481255
3.42081561088562,0.7611069447146536,0.0957486629486084,0.015729099832670235,10,log2,6,800,"{'max_depth': 10, 'max_features': 'log2', 'min_samples_leaf': 6, 'n_estimators': 800}",0.75,0.48888888888888893,0.6333333333333333,0.8333333333333333,0.5222222222222221,0.6455555555555555,0.13120523928111566,209,0.9605263157894737,0.934885290148448,0.9608636977058029,0.9483805668016194,0.9615384615384616,0.953238866396761,0.010397933320786642
2.519762420654297,0.31052280874298277,0.08927459716796875,0.014741403368545253,10,sqrt,6,800,"{'max_depth': 10, 'max_features': 'sqrt', 'min_samples_leaf': 6, 'n_estimators': 800}",0.8,0.5388888888888889,0.6333333333333333,0.7333333333333334,0.5222222222222221,0.6455555555555555,0.10797804989561197,209,0.9736842105263158,0.9477058029689609,0.9608636977058029,0.9483805668016194,0.9743589743589743,0.9609986504723347,0.01162201127823745
1.1002302169799805,0.20377942690588788,0.036699533462524414,0.0071761712643227124,7,log2,4,300,"{'max_depth': 7, 'max_features': 'log2', 'min_samples_leaf': 4, 'n_estimators': 300}",0.7,0.48888888888888893,0.6833333333333333,0.7833333333333333,0.5722222222222222,0.6455555555555555,0.10324368871393184,209,0.986842105263158,0.9736842105263157,0.9740215924426451,0.9740215924426451,0.9871794871794872,0.9791497975708502,0.006420547176985347
5.306814098358155,0.5804777816954367,0.1314478874206543,0.027962235532468346,5,sqrt,6,800,"{'max_depth': 5, 'max_features': 'sqrt', 'min_samples_leaf': 6, 'n_estimators': 800}",0.8,0.5388888888888889,0.6333333333333333,0.7333333333333334,0.5222222222222221,0.6455555555555555,0.10797804989561197,209,0.9736842105263158,0.9477058029689609,0.9608636977058029,0.9483805668016194,0.9615384615384616,0.9584345479082321,0.009636137842438794
3.120764684677124,0.3790114175760465,0.12546472549438475,0.035238868499297214,5,log2,6,800,"{'max_depth': 5, 'max_features': 'log2', 'min_samples_leaf': 6, 'n_estimators': 800}",0.75,0.48888888888888893,0.6333333333333333,0.8333333333333333,0.5222222222222221,0.6455555555555555,0.13120523928111566,209,0.9605263157894737,0.934885290148448,0.9608636977058029,0.9483805668016194,0.9615384615384616,0.953238866396761,0.010397933320786642
2.6209972381591795,0.3734203419921453,0.09198985099792481,0.02789938003373202,7,log2,6,800,"{'max_depth': 7, 'max_features': 'log2', 'min_samples_leaf': 6, 'n_estimators': 800}",0.75,0.48888888888888893,0.6333333333333333,0.8333333333333333,0.5222222222222221,0.6455555555555555,0.13120523928111566,209,0.9605263157894737,0.934885290148448,0.9608636977058029,0.9483805668016194,0.9615384615384616,0.953238866396761,0.010397933320786642
1.2379793643951416,0.15642095933291666,0.03900303840637207,0.008985629525397583,5,,4,300,"{'max_depth': 5, 'max_features': None, 'min_samples_leaf': 4, 'n_estimators': 300}",0.8,0.5888888888888889,0.6833333333333333,0.6833333333333333,0.4722222222222222,0.6455555555555555,0.10951069624741044,209,0.986842105263158,0.9608636977058029,0.9740215924426451,0.9612010796221322,0.9743589743589743,0.9714574898785425,0.00968609321273513
2.358493185043335,0.140833056420553,0.07679495811462403,0.0035118595225143785,,log2,6,800,"{'max_depth': None, 'max_features': 'log2', 'min_samples_leaf': 6, 'n_estimators': 800}",0.75,0.48888888888888893,0.6333333333333333,0.8333333333333333,0.5222222222222221,0.6455555555555555,0.13120523928111566,209,0.9605263157894737,0.934885290148448,0.9608636977058029,0.9483805668016194,0.9615384615384616,0.953238866396761,0.010397933320786642
6.867802143096924,0.861800615294674,0.153635835647583,0.0406589705018949,7,,1,1200,"{'max_depth': 7, 'max_features': None, 'min_samples_leaf': 1, 'n_estimators': 1200}",0.75,0.5388888888888889,0.6833333333333333,0.7333333333333334,0.5222222222222221,0.6455555555555555,0.09657083372284789,209,1.0,1.0,1.0,1.0,1.0,1.0,0.0
2.424633264541626,0.17087449516514586,0.08538150787353516,0.012643902929802126,,sqrt,6,800,"{'max_depth': None, 'max_features': 'sqrt', 'min_samples_leaf': 6, 'n_estimators': 800}",0.8,0.5388888888888889,0.6333333333333333,0.7333333333333334,0.5222222222222221,0.6455555555555555,0.10797804989561197,209,0.9736842105263158,0.9477058029689609,0.9608636977058029,0.9483805668016194,0.9743589743589743,0.9609986504723347,0.01162201127823745
1.8700001239776611,0.34693566284491334,0.07479901313781738,0.02739332241751423,3,log2,6,500,"{'max_depth': 3, 'max_features': 'log2', 'min_samples_leaf': 6, 'n_estimators': 500}",0.75,0.5444444444444444,0.6333333333333333,0.7277777777777779,0.5666666666666667,0.6444444444444445,0.08277591347639636,221,0.9078947368421053,0.9345479082321188,0.9213900134952766,0.9227395411605939,0.9487179487179487,0.9270580296896087,0.01373504944592057
2.336403465270996,0.08576848898742097,0.08023214340209961,0.0062028941088796115,3,sqrt,6,800,"{'max_depth': 3, 'max_features': 'sqrt', 'min_samples_leaf': 6, 'n_estimators': 800}",0.8,0.48888888888888893,0.6333333333333333,0.7833333333333333,0.5166666666666666,0.6444444444444445,0.12971954553507795,221,0.9078947368421053,0.8954116059379217,0.9213900134952766,0.909919028340081,0.9487179487179487,0.9166666666666666,0.01802137435830157
2.2256750583648683,0.3424189303207447,0.06653766632080078,0.015677034850352004,7,,2,500,"{'max_depth': 7, 'max_features': None, 'min_samples_leaf': 2, 'n_estimators': 500}",0.7,0.5944444444444444,0.6333333333333333,0.7333333333333334,0.5222222222222221,0.6366666666666666,0.07516237566794565,223,1.0,0.986842105263158,1.0,1.0,1.0,0.9973684210526315,0.005263157894736814
5.337264776229858,0.7158531256958535,0.11889424324035644,0.02390684519188119,5,,2,800,"{'max_depth': 5, 'max_features': None, 'min_samples_leaf': 2, 'n_estimators': 800}",0.75,0.5388888888888889,0.6888888888888889,0.6833333333333333,0.5222222222222221,0.6366666666666666,0.0898970604718613,223,1.0,0.986842105263158,1.0,0.9871794871794872,0.9871794871794872,0.9922402159244263,0.00633703475404796
1.993915033340454,0.5216193742993143,0.07399377822875977,0.020090683000698984,5,log2,6,500,"{'max_depth': 5, 'max_features': 'log2', 'min_samples_leaf': 6, 'n_estimators': 500}",0.7,0.48888888888888893,0.6333333333333333,0.8333333333333333,0.5222222222222221,0.6355555555555555,0.12460307350112164,225,0.9605263157894737,0.934885290148448,0.9608636977058029,0.9483805668016194,0.9487179487179487,0.9506747638326585,0.009584022058237343
5.778607416152954,0.7108811321954883,0.11808404922485352,0.005299950079726209,,,2,1200,"{'max_depth': None, 'max_features': None, 'min_samples_leaf': 2, 'n_estimators': 1200}",0.75,0.5388888888888889,0.6333333333333333,0.7333333333333334,0.5222222222222221,0.6355555555555555,0.09471203920500486,225,1.0,0.986842105263158,1.0,1.0,1.0,0.9973684210526315,0.005263157894736814
5.833816957473755,0.8298833692230037,0.15001587867736815,0.03887150289452445,7,,2,1200,"{'max_depth': 7, 'max_features': None, 'min_samples_leaf': 2, 'n_estimators': 1200}",0.75,0.5388888888888889,0.6333333333333333,0.7333333333333334,0.5222222222222221,0.6355555555555555,0.09471203920500486,225,1.0,0.986842105263158,1.0,1.0,1.0,0.9973684210526315,0.005263157894736814
5.600167083740234,0.6981203584131046,0.19077672958374023,0.03932079168204497,10,,2,1200,"{'max_depth': 10, 'max_features': None, 'min_samples_leaf': 2, 'n_estimators': 1200}",0.75,0.5388888888888889,0.6333333333333333,0.7333333333333334,0.5222222222222221,0.6355555555555555,0.09471203920500486,225,1.0,0.986842105263158,1.0,1.0,1.0,0.9973684210526315,0.005263157894736814
1.732485818862915,0.29538061963049156,0.05966582298278809,0.007913320837761655,7,log2,6,500,"{'max_depth': 7, 'max_features': 'log2', 'min_samples_leaf': 6, 'n_estimators': 500}",0.7,0.48888888888888893,0.6333333333333333,0.8333333333333333,0.5222222222222221,0.6355555555555555,0.12460307350112164,225,0.9605263157894737,0.934885290148448,0.9608636977058029,0.9483805668016194,0.9487179487179487,0.9506747638326585,0.009584022058237343
1.5784712314605713,0.10644081230347081,0.056647872924804686,0.009861422740809362,,log2,6,500,"{'max_depth': None, 'max_features': 'log2', 'min_samples_leaf': 6, 'n_estimators': 500}",0.7,0.48888888888888893,0.6333333333333333,0.8333333333333333,0.5222222222222221,0.6355555555555555,0.12460307350112164,225,0.9605263157894737,0.934885290148448,0.9608636977058029,0.9483805668016194,0.9487179487179487,0.9506747638326585,0.009584022058237343
1.1411484718322753,0.12366900377848807,0.033709478378295896,0.0026312952323726078,3,sqrt,6,300,"{'max_depth': 3, 'max_features': 'sqrt', 'min_samples_leaf': 6, 'n_estimators': 300}",0.75,0.48888888888888893,0.6333333333333333,0.7833333333333333,0.5222222222222221,0.6355555555555555,0.11772535520973916,225,0.9078947368421053,0.9085695006747638,0.9213900134952766,0.9355600539811066,0.9358974358974359,0.9218623481781376,0.012301446197810494
3.042004919052124,1.2234676118274437,0.09145221710205079,0.0494078403406625,10,log2,6,500,"{'max_depth': 10, 'max_features': 'log2', 'min_samples_leaf': 6, 'n_estimators': 500}",0.7,0.48888888888888893,0.6333333333333333,0.8333333333333333,0.5222222222222221,0.6355555555555555,0.12460307350112164,225,0.9605263157894737,0.934885290148448,0.9608636977058029,0.9483805668016194,0.9487179487179487,0.9506747638326585,0.009584022058237343
4.080316877365112,1.4234198329045542,0.18788976669311525,0.13429159621136866,3,log2,6,800,"{'max_depth': 3, 'max_features': 'log2', 'min_samples_leaf': 6, 'n_estimators': 800}",0.75,0.5444444444444444,0.6333333333333333,0.7277777777777779,0.5166666666666666,0.6344444444444444,0.09384778850568305,233,0.9078947368421053,0.9085695006747638,0.9213900134952766,0.9227395411605939,0.9487179487179487,0.9218623481781376,0.014791955983692035
1.7221944808959961,0.14939297960788056,0.05570511817932129,0.006743004779277039,3,sqrt,6,500,"{'max_depth': 3, 'max_features': 'sqrt', 'min_samples_leaf': 6, 'n_estimators': 500}",0.75,0.48888888888888893,0.6333333333333333,0.7833333333333333,0.5166666666666666,0.6344444444444444,0.11881098174291822,233,0.9078947368421053,0.9082321187584346,0.9213900134952766,0.909919028340081,0.9487179487179487,0.9192307692307692,0.015558538175854985
2.35711464881897,0.36933248724725404,0.06328582763671875,0.007620339250094719,10,,2,500,"{'max_depth': 10, 'max_features': None, 'min_samples_leaf': 2, 'n_estimators': 500}",0.7,0.5944444444444444,0.6333333333333333,0.7333333333333334,0.4722222222222222,0.6266666666666667,0.09131413693913049,235,1.0,0.986842105263158,1.0,1.0,1.0,0.9973684210526315,0.005263157894736814
2.998541831970215,0.7319875399839338,0.12187438011169434,0.05833567149741535,,,2,500,"{'max_depth': None, 'max_features': None, 'min_samples_leaf': 2, 'n_estimators': 500}",0.7,0.5944444444444444,0.6333333333333333,0.7333333333333334,0.4722222222222222,0.6266666666666667,0.09131413693913049,235,1.0,0.986842105263158,1.0,1.0,1.0,0.9973684210526315,0.005263157894736814
1.4126113891601562,0.648258184570518,0.05080909729003906,0.03496183624393384,5,log2,6,300,"{'max_depth': 5, 'max_features': 'log2', 'min_samples_leaf': 6, 'n_estimators': 300}",0.7,0.48888888888888893,0.6333333333333333,0.8333333333333333,0.4722222222222222,0.6255555555555555,0.13487991915994235,237,0.9473684210526316,0.934885290148448,0.9608636977058029,0.9483805668016194,0.9487179487179487,0.9480431848852902,0.008228246251832097
1.1644973754882812,0.15221624471083353,0.04888086318969727,0.008797539363261376,10,log2,6,300,"{'max_depth': 10, 'max_features': 'log2', 'min_samples_leaf': 6, 'n_estimators': 300}",0.65,0.48888888888888893,0.6333333333333333,0.8333333333333333,0.4722222222222222,0.6155555555555555,0.13078112900454597,238,0.9605263157894737,0.934885290148448,0.9608636977058029,0.9483805668016194,0.9487179487179487,0.9506747638326585,0.009584022058237343
0.953251838684082,0.1282441680547206,0.03311738967895508,0.00381060718554727,7,log2,6,300,"{'max_depth': 7, 'max_features': 'log2', 'min_samples_leaf': 6, 'n_estimators': 300}",0.65,0.48888888888888893,0.6333333333333333,0.8333333333333333,0.4722222222222222,0.6155555555555555,0.13078112900454597,238,0.9605263157894737,0.934885290148448,0.9608636977058029,0.9483805668016194,0.9487179487179487,0.9506747638326585,0.009584022058237343
0.8734744548797607,0.04144718867852441,0.03573575019836426,0.004902294037585584,,log2,6,300,"{'max_depth': None, 'max_features': 'log2', 'min_samples_leaf': 6, 'n_estimators': 300}",0.65,0.48888888888888893,0.6333333333333333,0.8333333333333333,0.4722222222222222,0.6155555555555555,0.13078112900454597,238,0.9605263157894737,0.934885290148448,0.9608636977058029,0.9483805668016194,0.9487179487179487,0.9506747638326585,0.009584022058237343
