mean_fit_time,std_fit_time,mean_score_time,std_score_time,param_max_depth,param_max_features,param_min_samples_leaf,param_min_samples_split,param_n_estimators,params,split0_test_score,split1_test_score,split2_test_score,split3_test_score,split4_test_score,mean_test_score,std_test_score,rank_test_score,split0_train_score,split1_train_score,split2_train_score,split3_train_score,split4_train_score,mean_train_score,std_train_score
1.221732759475708,0.010402996180942045,0.04667544364929199,0.0026311180858106537,30,sqrt,9,12,445,"{'max_depth': 30, 'max_features': 'sqrt', 'min_samples_leaf': 9, 'min_samples_split': 12, 'n_estimators': 445}",0.5,0.5888888888888889,0.6277777777777778,0.5888888888888889,0.6777777777777778,0.5966666666666667,0.05833068777069639,1,0.6973684210526316,0.6730769230769231,0.6346153846153846,0.6366396761133604,0.6902834008097165,0.6663967611336032,0.026343803214570752
1.0581689357757569,0.01354206132706519,0.03911137580871582,0.0014745658573545764,30,sqrt,9,13,386,"{'max_depth': 30, 'max_features': 'sqrt', 'min_samples_leaf': 9, 'min_samples_split': 13, 'n_estimators': 386}",0.5,0.5888888888888889,0.6277777777777778,0.5888888888888889,0.6777777777777778,0.5966666666666667,0.05833068777069639,1,0.6973684210526316,0.6734143049932524,0.6346153846153846,0.6366396761133604,0.6902834008097165,0.666464237516869,0.02636125350571087
0.9580376148223877,0.014155364638892037,0.03789896965026855,0.0035116157211339412,5,log2,9,4,352,"{'max_depth': 5, 'max_features': 'log2', 'min_samples_leaf': 9, 'min_samples_split': 4, 'n_estimators': 352}",0.5,0.5888888888888889,0.6277777777777778,0.5888888888888889,0.6777777777777778,0.5966666666666667,0.05833068777069639,1,0.6973684210526316,0.6734143049932524,0.6346153846153846,0.6366396761133604,0.6902834008097165,0.666464237516869,0.02636125350571087
0.964195442199707,0.06200312057685771,0.03667936325073242,0.007332580831975533,5,sqrt,4,9,330,"{'max_depth': 5, 'max_features': 'sqrt', 'min_samples_leaf': 4, 'min_samples_split': 9, 'n_estimators': 330}",0.55,0.5944444444444444,0.5333333333333333,0.6833333333333333,0.6222222222222222,0.5966666666666666,0.053587358007944424,4,0.7105263157894737,0.7516869095816464,0.7638326585695007,0.7290823211875843,0.7672064777327935,0.7444669365721998,0.021600453979384704
3.7303483486175537,0.02379798594743671,0.13104939460754395,0.005869878792921828,3,sqrt,5,6,1383,"{'max_depth': 3, 'max_features': 'sqrt', 'min_samples_leaf': 5, 'min_samples_split': 6, 'n_estimators': 1383}",0.55,0.5388888888888889,0.5888888888888889,0.6277777777777778,0.6722222222222223,0.5955555555555556,0.04949123878071132,5,0.6973684210526316,0.6727395411605938,0.6460863697705803,0.6771255060728745,0.7031039136302294,0.6792847503373819,0.020218834079782266
0.9486822128295899,0.016386869294622207,0.03510603904724121,0.001715806126012193,5,sqrt,9,3,350,"{'max_depth': 5, 'max_features': 'sqrt', 'min_samples_leaf': 9, 'min_samples_split': 3, 'n_estimators': 350}",0.5,0.5888888888888889,0.6222222222222222,0.5888888888888889,0.6777777777777778,0.5955555555555556,0.05777777777777779,5,0.6973684210526316,0.6734143049932524,0.6349527665317138,0.6366396761133604,0.6902834008097165,0.666531713900135,0.026279950681681874
0.5758170127868653,0.009456437468976267,0.023410987854003907,0.0044768537270975985,7,sqrt,9,14,214,"{'max_depth': 7, 'max_features': 'sqrt', 'min_samples_leaf': 9, 'min_samples_split': 14, 'n_estimators': 214}",0.5,0.5888888888888889,0.6222222222222222,0.5888888888888889,0.6777777777777778,0.5955555555555556,0.05777777777777779,5,0.6973684210526316,0.6605937921727395,0.6349527665317138,0.6366396761133604,0.7031039136302294,0.666531713900135,0.029032571555034203
0.6867630481719971,0.011098326388900596,0.026329660415649415,0.0014925083001748347,5,,4,9,253,"{'max_depth': 5, 'max_features': None, 'min_samples_leaf': 4, 'min_samples_split': 9, 'n_estimators': 253}",0.55,0.5944444444444444,0.5333333333333333,0.6333333333333333,0.6222222222222222,0.5866666666666667,0.03922080576605064,8,0.7105263157894737,0.7516869095816464,0.7638326585695007,0.7419028340080972,0.7412280701754386,0.7418353576248313,0.01767237265657808
1.9692396640777587,0.04857594497737216,0.06682109832763672,0.0008918567227858372,7,sqrt,5,9,696,"{'max_depth': 7, 'max_features': 'sqrt', 'min_samples_leaf': 5, 'min_samples_split': 9, 'n_estimators': 696}",0.55,0.5944444444444444,0.5333333333333333,0.6833333333333333,0.5722222222222222,0.5866666666666666,0.05254040185571951,9,0.7105263157894737,0.7260458839406208,0.6983805668016194,0.715587044534413,0.7149122807017544,0.7130904183535762,0.008948192755182325
3.758083772659302,0.03297480786717442,0.13424787521362305,0.0036034039833620604,7,,5,8,1384,"{'max_depth': 7, 'max_features': None, 'min_samples_leaf': 5, 'min_samples_split': 8, 'n_estimators': 1384}",0.55,0.5944444444444444,0.5333333333333333,0.6833333333333333,0.5722222222222222,0.5866666666666666,0.05254040185571951,9,0.6973684210526316,0.7260458839406208,0.6983805668016194,0.715587044534413,0.7149122807017544,0.7104588394062079,0.011012096133888375
3.760567855834961,0.06464975698998549,0.1270603656768799,0.0051860479436760245,7,sqrt,5,5,1358,"{'max_depth': 7, 'max_features': 'sqrt', 'min_samples_leaf': 5, 'min_samples_split': 5, 'n_estimators': 1358}",0.55,0.5944444444444444,0.5333333333333333,0.6833333333333333,0.5722222222222222,0.5866666666666666,0.05254040185571951,9,0.6973684210526316,0.7260458839406208,0.6983805668016194,0.715587044534413,0.7149122807017544,0.7104588394062079,0.011012096133888375
1.961252212524414,0.03451829968865364,0.07239933013916015,0.0031498215186472485,10,sqrt,9,8,720,"{'max_depth': 10, 'max_features': 'sqrt', 'min_samples_leaf': 9, 'min_samples_split': 8, 'n_estimators': 720}",0.5,0.5388888888888889,0.6222222222222222,0.5888888888888889,0.6777777777777778,0.5855555555555556,0.06222222222222224,12,0.6973684210526316,0.6734143049932524,0.6349527665317138,0.6497975708502024,0.6902834008097165,0.6691632928475033,0.02368565228549402
2.554245376586914,0.019635592324874107,0.09075727462768554,0.0032163152365832994,5,log2,7,7,949,"{'max_depth': 5, 'max_features': 'log2', 'min_samples_leaf': 7, 'min_samples_split': 7, 'n_estimators': 949}",0.5,0.5388888888888889,0.6277777777777778,0.5888888888888889,0.6722222222222223,0.5855555555555556,0.061322865451318376,12,0.6973684210526316,0.6862348178137652,0.6342780026990553,0.6497975708502024,0.7031039136302294,0.6741565452091767,0.027226030824707457
3.9758691787719727,0.04480197658136516,0.14002432823181152,0.0021481339891090316,7,log2,7,13,1454,"{'max_depth': 7, 'max_features': 'log2', 'min_samples_leaf': 7, 'min_samples_split': 13, 'n_estimators': 1454}",0.5,0.5388888888888889,0.6277777777777778,0.5888888888888889,0.6722222222222223,0.5855555555555556,0.061322865451318376,12,0.6973684210526316,0.6862348178137652,0.6214574898785425,0.6497975708502024,0.7031039136302294,0.6715924426450741,0.031177886209790107
1.618857479095459,0.028816706843368477,0.05804476737976074,0.002475537769909567,3,,7,12,592,"{'max_depth': 3, 'max_features': None, 'min_samples_leaf': 7, 'min_samples_split': 12, 'n_estimators': 592}",0.5,0.5388888888888889,0.6277777777777778,0.5888888888888889,0.6722222222222223,0.5855555555555556,0.061322865451318376,12,0.6973684210526316,0.6862348178137652,0.6342780026990553,0.6497975708502024,0.7162618083670715,0.6767881241565451,0.030353124322381887
2.725779151916504,0.027143315333503934,0.0999326229095459,0.00760587201658815,3,sqrt,7,8,1004,"{'max_depth': 3, 'max_features': 'sqrt', 'min_samples_leaf': 7, 'min_samples_split': 8, 'n_estimators': 1004}",0.5,0.5388888888888889,0.6277777777777778,0.5888888888888889,0.6722222222222223,0.5855555555555556,0.061322865451318376,12,0.6973684210526316,0.6862348178137652,0.6342780026990553,0.6497975708502024,0.7162618083670715,0.6767881241565451,0.030353124322381887
2.629368305206299,0.024155431574979454,0.0923527717590332,0.0030641405247396566,3,sqrt,7,10,979,"{'max_depth': 3, 'max_features': 'sqrt', 'min_samples_leaf': 7, 'min_samples_split': 10, 'n_estimators': 979}",0.5,0.5388888888888889,0.6277777777777778,0.5888888888888889,0.6722222222222223,0.5855555555555556,0.061322865451318376,12,0.6973684210526316,0.6862348178137652,0.6342780026990553,0.6497975708502024,0.7162618083670715,0.6767881241565451,0.030353124322381887
3.6227110385894776,0.038722205012130896,0.12730469703674316,0.003430860861335283,7,log2,7,3,1336,"{'max_depth': 7, 'max_features': 'log2', 'min_samples_leaf': 7, 'min_samples_split': 3, 'n_estimators': 1336}",0.5,0.5388888888888889,0.6277777777777778,0.5888888888888889,0.6722222222222223,0.5855555555555556,0.061322865451318376,12,0.6973684210526316,0.6862348178137652,0.6214574898785425,0.6497975708502024,0.7031039136302294,0.6715924426450741,0.031177886209790107
2.481605291366577,0.06330377764382317,0.0816129207611084,0.012961448103269888,30,,7,11,1120,"{'max_depth': 30, 'max_features': None, 'min_samples_leaf': 7, 'min_samples_split': 11, 'n_estimators': 1120}",0.5,0.5388888888888889,0.6277777777777778,0.5888888888888889,0.6722222222222223,0.5855555555555556,0.061322865451318376,12,0.6973684210526316,0.6862348178137652,0.6342780026990553,0.6497975708502024,0.7031039136302294,0.6741565452091767,0.027226030824707457
1.6018686294555664,0.021968087559151236,0.05732231140136719,0.00246467054341685,10,sqrt,7,3,587,"{'max_depth': 10, 'max_features': 'sqrt', 'min_samples_leaf': 7, 'min_samples_split': 3, 'n_estimators': 587}",0.5,0.5388888888888889,0.6277777777777778,0.5888888888888889,0.6722222222222223,0.5855555555555556,0.061322865451318376,12,0.6973684210526316,0.6862348178137652,0.6342780026990553,0.6497975708502024,0.7031039136302294,0.6741565452091767,0.027226030824707457
1.6864099025726318,0.018427128328969856,0.06058812141418457,0.0006137321771461254,5,,1,9,618,"{'max_depth': 5, 'max_features': None, 'min_samples_leaf': 1, 'min_samples_split': 9, 'n_estimators': 618}",0.55,0.5888888888888889,0.5888888888888889,0.5722222222222222,0.6222222222222222,0.5844444444444444,0.02367475083629168,21,0.736842105263158,0.8164642375168691,0.8164642375168691,0.7678812415654521,0.7675438596491229,0.7810391363022943,0.031043536624075475
1.1965195655822753,0.011900226839407075,0.04847064018249512,0.00544807528540974,,,5,11,430,"{'max_depth': None, 'max_features': None, 'min_samples_leaf': 5, 'min_samples_split': 11, 'n_estimators': 430}",0.5,0.5944444444444444,0.5333333333333333,0.6833333333333333,0.5722222222222222,0.5766666666666665,0.0624005381426621,22,0.6842105263157895,0.7260458839406208,0.7246963562753037,0.715587044534413,0.7280701754385965,0.7157219973009447,0.016325380691219398
3.898316240310669,0.05107535016440301,0.13324341773986817,0.005697730345170055,10,,4,4,1415,"{'max_depth': 10, 'max_features': None, 'min_samples_leaf': 4, 'min_samples_split': 4, 'n_estimators': 1415}",0.55,0.5944444444444444,0.5333333333333333,0.6333333333333333,0.5722222222222222,0.5766666666666665,0.035030850600965426,22,0.7105263157894737,0.7516869095816464,0.7638326585695007,0.7678812415654521,0.74055330634278,0.7468960863697707,0.02055805085140699
1.129340696334839,0.015557743172107568,0.04052019119262695,0.006416334075381033,10,log2,5,9,416,"{'max_depth': 10, 'max_features': 'log2', 'min_samples_leaf': 5, 'min_samples_split': 9, 'n_estimators': 416}",0.5,0.5944444444444444,0.5333333333333333,0.6833333333333333,0.5722222222222222,0.5766666666666665,0.0624005381426621,22,0.7105263157894737,0.7388663967611335,0.7112010796221322,0.715587044534413,0.7149122807017544,0.7182186234817813,0.010512898469842023
1.1794457912445069,0.016624419147947135,0.04587807655334473,0.005239003131456261,7,sqrt,4,6,430,"{'max_depth': 7, 'max_features': 'sqrt', 'min_samples_leaf': 4, 'min_samples_split': 6, 'n_estimators': 430}",0.55,0.5944444444444444,0.5333333333333333,0.6333333333333333,0.5722222222222222,0.5766666666666665,0.035030850600965426,22,0.7105263157894737,0.7516869095816464,0.7638326585695007,0.7550607287449393,0.714574898785425,0.739136302294197,0.022103434052050733
2.4379186153411867,0.038717702888443645,0.08736610412597656,0.002645994431361196,10,sqrt,8,2,898,"{'max_depth': 10, 'max_features': 'sqrt', 'min_samples_leaf': 8, 'min_samples_split': 2, 'n_estimators': 898}",0.5,0.5388888888888889,0.6277777777777778,0.5888888888888889,0.6222222222222222,0.5755555555555556,0.049266220616434146,26,0.6973684210526316,0.6734143049932524,0.6217948717948718,0.6497975708502024,0.664642375168691,0.6614035087719299,0.02510683697715879
1.6354930877685547,0.01312444681656282,0.061996173858642575,0.01070262467937183,20,,8,12,600,"{'max_depth': 20, 'max_features': None, 'min_samples_leaf': 8, 'min_samples_split': 12, 'n_estimators': 600}",0.5,0.5388888888888889,0.6277777777777778,0.5888888888888889,0.6222222222222222,0.5755555555555556,0.049266220616434146,26,0.6973684210526316,0.6734143049932524,0.6346153846153846,0.6497975708502024,0.7159244264507423,0.6742240215924428,0.02980180615913526
1.098660659790039,0.008752658947251012,0.04268603324890137,0.002918299422007017,20,,8,4,405,"{'max_depth': 20, 'max_features': None, 'min_samples_leaf': 8, 'min_samples_split': 4, 'n_estimators': 405}",0.5,0.5388888888888889,0.6277777777777778,0.5888888888888889,0.6222222222222222,0.5755555555555556,0.049266220616434146,26,0.6973684210526316,0.6734143049932524,0.6346153846153846,0.6497975708502024,0.728744939271255,0.6767881241565453,0.03359009330481508
2.5008105754852297,0.027838475738679907,0.09089140892028809,0.0029028748513132783,,log2,8,6,919,"{'max_depth': None, 'max_features': 'log2', 'min_samples_leaf': 8, 'min_samples_split': 6, 'n_estimators': 919}",0.5,0.5388888888888889,0.6277777777777778,0.5888888888888889,0.6222222222222222,0.5755555555555556,0.049266220616434146,26,0.6973684210526316,0.6734143049932524,0.6217948717948718,0.6497975708502024,0.664642375168691,0.6614035087719299,0.02510683697715879
1.2522807121276855,0.013729974492532519,0.04669208526611328,0.004297808504499566,,log2,8,5,453,"{'max_depth': None, 'max_features': 'log2', 'min_samples_leaf': 8, 'min_samples_split': 5, 'n_estimators': 453}",0.5,0.5388888888888889,0.6277777777777778,0.5888888888888889,0.6222222222222222,0.5755555555555556,0.049266220616434146,26,0.6973684210526316,0.6734143049932524,0.6217948717948718,0.6497975708502024,0.728744939271255,0.6742240215924428,0.03702517137365566
2.2188863277435305,0.02195876026466188,0.08058457374572754,0.00359036128113247,3,,8,9,825,"{'max_depth': 3, 'max_features': None, 'min_samples_leaf': 8, 'min_samples_split': 9, 'n_estimators': 825}",0.5,0.5388888888888889,0.6277777777777778,0.5888888888888889,0.6222222222222222,0.5755555555555556,0.049266220616434146,26,0.6973684210526316,0.6734143049932524,0.6217948717948718,0.6497975708502024,0.664642375168691,0.6614035087719299,0.02510683697715879
2.1306528091430663,0.02990304389100794,0.07519927024841308,0.0024095874804895773,30,sqrt,8,5,786,"{'max_depth': 30, 'max_features': 'sqrt', 'min_samples_leaf': 8, 'min_samples_split': 5, 'n_estimators': 786}",0.5,0.5388888888888889,0.6277777777777778,0.5888888888888889,0.6222222222222222,0.5755555555555556,0.049266220616434146,26,0.6973684210526316,0.6734143049932524,0.6217948717948718,0.6497975708502024,0.664642375168691,0.6614035087719299,0.02510683697715879
2.1077632904052734,0.029764051908840596,0.07560586929321289,0.0024885658876211488,7,sqrt,1,11,763,"{'max_depth': 7, 'max_features': 'sqrt', 'min_samples_leaf': 1, 'min_samples_split': 11, 'n_estimators': 763}",0.55,0.5888888888888889,0.5888888888888889,0.5222222222222221,0.6277777777777778,0.5755555555555556,0.03627739492736559,26,0.7763157894736842,0.8168016194331984,0.8292847503373819,0.7931848852901484,0.8060053981106613,0.8043184885290149,0.018385302419353756
0.8265892505645752,0.012139792725512662,0.03212208747863769,0.0019369989124198518,,sqrt,5,7,298,"{'max_depth': None, 'max_features': 'sqrt', 'min_samples_leaf': 5, 'min_samples_split': 7, 'n_estimators': 298}",0.5,0.5888888888888889,0.5333333333333333,0.6833333333333333,0.5722222222222222,0.5755555555555555,0.06212293665997495,34,0.6842105263157895,0.7651821862348178,0.6855600539811066,0.715587044534413,0.7280701754385965,0.7157219973009447,0.030005071682701258
1.0083572387695312,0.036138570251224224,0.0364952564239502,0.0013617203908127412,5,sqrt,9,5,360,"{'max_depth': 5, 'max_features': 'sqrt', 'min_samples_leaf': 9, 'min_samples_split': 5, 'n_estimators': 360}",0.5,0.5388888888888889,0.6222222222222222,0.5888888888888889,0.6222222222222222,0.5744444444444444,0.048125350728239376,35,0.6973684210526316,0.6734143049932524,0.6349527665317138,0.6366396761133604,0.6774628879892037,0.6639676113360324,0.024395302274317947
2.257961559295654,0.05088951810258127,0.08178119659423828,0.0026006896345563964,3,sqrt,9,6,845,"{'max_depth': 3, 'max_features': 'sqrt', 'min_samples_leaf': 9, 'min_samples_split': 6, 'n_estimators': 845}",0.5,0.5388888888888889,0.6222222222222222,0.5888888888888889,0.6222222222222222,0.5744444444444444,0.048125350728239376,35,0.6973684210526316,0.6734143049932524,0.6349527665317138,0.6497975708502024,0.664642375168691,0.6640350877192982,0.02120348045998559
2.462621784210205,0.02006128774050847,0.09019789695739747,0.0019605979295747623,7,sqrt,9,4,909,"{'max_depth': 7, 'max_features': 'sqrt', 'min_samples_leaf': 9, 'min_samples_split': 4, 'n_estimators': 909}",0.5,0.5388888888888889,0.6222222222222222,0.5888888888888889,0.6222222222222222,0.5744444444444444,0.048125350728239376,35,0.6973684210526316,0.6734143049932524,0.6349527665317138,0.6497975708502024,0.664642375168691,0.6640350877192982,0.02120348045998559
2.5993544101715087,0.028300975392886202,0.09015831947326661,0.0036016210927760878,3,log2,6,12,951,"{'max_depth': 3, 'max_features': 'log2', 'min_samples_leaf': 6, 'min_samples_split': 12, 'n_estimators': 951}",0.5,0.5388888888888889,0.5333333333333333,0.6277777777777778,0.6722222222222223,0.5744444444444443,0.0646548290043385,38,0.6842105263157895,0.6862348178137652,0.6467611336032388,0.6771255060728745,0.7031039136302294,0.6794871794871795,0.018450812124927572
0.7930793762207031,0.011448344754672784,0.0315157413482666,0.0017394787293795397,3,sqrt,2,5,291,"{'max_depth': 3, 'max_features': 'sqrt', 'min_samples_leaf': 2, 'min_samples_split': 5, 'n_estimators': 291}",0.55,0.5388888888888889,0.5888888888888889,0.5666666666666667,0.6222222222222222,0.5733333333333334,0.029689753813083086,39,0.7236842105263158,0.76417004048583,0.7638326585695007,0.7300944669365721,0.7675438596491229,0.7498650472334683,0.01891337866577561
3.75762939453125,0.044289308577457866,0.13484659194946289,0.005187148985659833,5,,3,4,1371,"{'max_depth': 5, 'max_features': None, 'min_samples_leaf': 3, 'min_samples_split': 4, 'n_estimators': 1371}",0.55,0.5888888888888889,0.5333333333333333,0.5722222222222222,0.6222222222222222,0.5733333333333334,0.030912061651652348,39,0.736842105263158,0.7780026990553306,0.7638326585695007,0.7813765182186234,0.7935222672064777,0.7707152496626181,0.0193994308513537
2.2157959938049316,0.0341904559814693,0.08217325210571289,0.0029992284961940265,5,log2,3,2,812,"{'max_depth': 5, 'max_features': 'log2', 'min_samples_leaf': 3, 'min_samples_split': 2, 'n_estimators': 812}",0.55,0.5888888888888889,0.5333333333333333,0.5722222222222222,0.6222222222222222,0.5733333333333334,0.030912061651652348,39,0.75,0.7780026990553306,0.7638326585695007,0.7682186234817814,0.7807017543859649,0.7681511470985155,0.010978969500559552
3.059038686752319,0.02383677872838407,0.10912795066833496,0.0031075612829270325,30,,4,10,1128,"{'max_depth': 30, 'max_features': None, 'min_samples_leaf': 4, 'min_samples_split': 10, 'n_estimators': 1128}",0.55,0.5944444444444444,0.5333333333333333,0.6333333333333333,0.5222222222222221,0.5666666666666667,0.041425226405127226,42,0.7105263157894737,0.7516869095816464,0.7638326585695007,0.7419028340080972,0.714574898785425,0.7365047233468286,0.0207954287554959
2.873810815811157,0.0472132243003347,0.10471982955932617,0.0031538606203445206,,log2,2,13,1054,"{'max_depth': None, 'max_features': 'log2', 'min_samples_leaf': 2, 'min_samples_split': 13, 'n_estimators': 1054}",0.55,0.5888888888888889,0.5888888888888889,0.5222222222222221,0.5777777777777777,0.5655555555555555,0.025915341754868027,43,0.75,0.8039811066126856,0.8292847503373819,0.8060053981106613,0.831646423751687,0.8041835357624831,0.029405771193911415
2.6453740119934084,0.037404716868163775,0.0900228500366211,0.0054975440801315265,20,,2,11,984,"{'max_depth': 20, 'max_features': None, 'min_samples_leaf': 2, 'min_samples_split': 11, 'n_estimators': 984}",0.55,0.5888888888888889,0.5888888888888889,0.5222222222222221,0.5777777777777777,0.5655555555555555,0.025915341754868027,43,0.763157894736842,0.8039811066126856,0.842442645074224,0.8060053981106613,0.831646423751687,0.80944669365722,0.027444230316960243
3.51971755027771,0.019740098456297872,0.12470073699951172,0.002321256115054348,10,sqrt,1,12,1282,"{'max_depth': 10, 'max_features': 'sqrt', 'min_samples_leaf': 1, 'min_samples_split': 12, 'n_estimators': 1282}",0.55,0.5888888888888889,0.5888888888888889,0.5222222222222221,0.5777777777777777,0.5655555555555555,0.025915341754868027,43,0.763157894736842,0.8296221322537112,0.842442645074224,0.8060053981106613,0.831646423751687,0.8145748987854251,0.02832529657421598
3.738982677459717,0.03729470665925926,0.129453706741333,0.0033017503418388975,10,,4,14,1383,"{'max_depth': 10, 'max_features': None, 'min_samples_leaf': 4, 'min_samples_split': 14, 'n_estimators': 1383}",0.5,0.5944444444444444,0.4777777777777778,0.6833333333333333,0.5722222222222222,0.5655555555555555,0.07314791373614572,43,0.6973684210526316,0.7385290148448043,0.7118758434547908,0.7290823211875843,0.7412280701754386,0.7236167341430498,0.016668715418779463
2.6720340251922607,0.029148074167030923,0.09195432662963868,0.0022210008246322244,,log2,2,11,976,"{'max_depth': None, 'max_features': 'log2', 'min_samples_leaf': 2, 'min_samples_split': 11, 'n_estimators': 976}",0.55,0.5888888888888889,0.5888888888888889,0.5222222222222221,0.5777777777777777,0.5655555555555555,0.025915341754868027,43,0.763157894736842,0.8039811066126856,0.842442645074224,0.8060053981106613,0.8188259109311742,0.8068825910931174,0.025799990228914698
3.13270263671875,0.03871547111716502,0.10531783103942871,0.003252794526728993,5,sqrt,1,13,1154,"{'max_depth': 5, 'max_features': 'sqrt', 'min_samples_leaf': 1, 'min_samples_split': 13, 'n_estimators': 1154}",0.55,0.5388888888888889,0.5888888888888889,0.5222222222222221,0.6222222222222222,0.5644444444444445,0.0362773949273656,48,0.7236842105263158,0.803306342780027,0.8164642375168691,0.7807017543859649,0.7543859649122806,0.7757085020242915,0.033492628603400694
3.9312774658203127,0.04496797704951878,0.14262609481811522,0.0022613558862911707,30,,9,6,1448,"{'max_depth': 30, 'max_features': None, 'min_samples_leaf': 9, 'min_samples_split': 6, 'n_estimators': 1448}",0.5,0.5388888888888889,0.5722222222222222,0.5888888888888889,0.6222222222222222,0.5644444444444444,0.041958239085553795,49,0.6973684210526316,0.6734143049932524,0.6221322537112011,0.6497975708502024,0.664642375168691,0.6614709851551956,0.0250005235966813
3.5190310955047606,0.026477919310880785,0.12116637229919433,0.0029797792609241314,30,sqrt,8,9,1286,"{'max_depth': 30, 'max_features': 'sqrt', 'min_samples_leaf': 8, 'min_samples_split': 9, 'n_estimators': 1286}",0.5,0.5388888888888889,0.5722222222222222,0.5888888888888889,0.6222222222222222,0.5644444444444444,0.041958239085553795,49,0.6973684210526316,0.6734143049932524,0.6221322537112011,0.6497975708502024,0.6902834008097165,0.6665991902834008,0.027617878421730822
3.2533919334411623,0.040155637101217875,0.11532831192016602,0.006323410119271114,15,sqrt,3,13,1192,"{'max_depth': 15, 'max_features': 'sqrt', 'min_samples_leaf': 3, 'min_samples_split': 13, 'n_estimators': 1192}",0.55,0.5944444444444444,0.5333333333333333,0.5222222222222221,0.6222222222222222,0.5644444444444444,0.03794082461991973,49,0.7236842105263158,0.7516869095816464,0.7780026990553306,0.7550607287449393,0.7672064777327935,0.7551282051282051,0.018274019843250455
3.9961930751800536,0.04330407335130313,0.1394418239593506,0.005362221682741081,15,,8,8,1475,"{'max_depth': 15, 'max_features': None, 'min_samples_leaf': 8, 'min_samples_split': 8, 'n_estimators': 1475}",0.5,0.5388888888888889,0.5722222222222222,0.5888888888888889,0.6222222222222222,0.5644444444444444,0.041958239085553795,49,0.6973684210526316,0.6734143049932524,0.6221322537112011,0.6497975708502024,0.664642375168691,0.6614709851551956,0.0250005235966813
3.997806215286255,0.022199429664869645,0.13962655067443847,0.004369818849721923,20,log2,3,13,1467,"{'max_depth': 20, 'max_features': 'log2', 'min_samples_leaf': 3, 'min_samples_split': 13, 'n_estimators': 1467}",0.55,0.5944444444444444,0.5333333333333333,0.5222222222222221,0.6222222222222222,0.5644444444444444,0.03794082461991973,49,0.7236842105263158,0.7776653171390013,0.7773279352226721,0.7550607287449393,0.7672064777327935,0.7601889338731445,0.020036509554319955
3.979010486602783,0.030272293858439377,0.13862924575805663,0.005201287848550006,5,log2,8,12,1456,"{'max_depth': 5, 'max_features': 'log2', 'min_samples_leaf': 8, 'min_samples_split': 12, 'n_estimators': 1456}",0.5,0.5388888888888889,0.5722222222222222,0.5888888888888889,0.6222222222222222,0.5644444444444444,0.041958239085553795,49,0.6973684210526316,0.6734143049932524,0.6221322537112011,0.6497975708502024,0.664642375168691,0.6614709851551956,0.0250005235966813
3.5579466342926027,0.062134375958612174,0.12586240768432616,0.0076066324750009755,5,,9,10,1322,"{'max_depth': 5, 'max_features': None, 'min_samples_leaf': 9, 'min_samples_split': 10, 'n_estimators': 1322}",0.5,0.5388888888888889,0.5722222222222222,0.5888888888888889,0.6222222222222222,0.5644444444444444,0.041958239085553795,49,0.6973684210526316,0.6734143049932524,0.6221322537112011,0.6497975708502024,0.664642375168691,0.6614709851551956,0.0250005235966813
3.3843433380126955,0.029220152572896608,0.12582135200500488,0.0048291247944317025,20,sqrt,8,14,1244,"{'max_depth': 20, 'max_features': 'sqrt', 'min_samples_leaf': 8, 'min_samples_split': 14, 'n_estimators': 1244}",0.5,0.5388888888888889,0.5722222222222222,0.5888888888888889,0.6222222222222222,0.5644444444444444,0.041958239085553795,49,0.6973684210526316,0.6734143049932524,0.6221322537112011,0.6497975708502024,0.6902834008097165,0.6665991902834008,0.027617878421730822
2.914056825637817,0.03730958148445184,0.10654053688049317,0.003117549436154981,3,sqrt,4,13,1080,"{'max_depth': 3, 'max_features': 'sqrt', 'min_samples_leaf': 4, 'min_samples_split': 13, 'n_estimators': 1080}",0.5,0.5388888888888889,0.5333333333333333,0.6277777777777778,0.6222222222222222,0.5644444444444444,0.051231741703993354,49,0.6710526315789473,0.6855600539811066,0.7240215924426451,0.7034412955465588,0.7415654520917678,0.7051282051282051,0.025422572515228736
2.964776372909546,0.041620208778417836,0.10605669021606445,0.0038385511569906656,20,log2,8,6,1083,"{'max_depth': 20, 'max_features': 'log2', 'min_samples_leaf': 8, 'min_samples_split': 6, 'n_estimators': 1083}",0.5,0.5388888888888889,0.5722222222222222,0.5888888888888889,0.6222222222222222,0.5644444444444444,0.041958239085553795,49,0.6973684210526316,0.6734143049932524,0.6221322537112011,0.6497975708502024,0.6902834008097165,0.6665991902834008,0.027617878421730822
3.3076398849487303,0.026714989631891204,0.11591086387634278,0.005285168417276272,,log2,8,5,1225,"{'max_depth': None, 'max_features': 'log2', 'min_samples_leaf': 8, 'min_samples_split': 5, 'n_estimators': 1225}",0.5,0.5388888888888889,0.5722222222222222,0.5888888888888889,0.6222222222222222,0.5644444444444444,0.041958239085553795,49,0.6973684210526316,0.6734143049932524,0.6221322537112011,0.6497975708502024,0.6902834008097165,0.6665991902834008,0.027617878421730822
3.1668387413024903,0.028617219708592503,0.10830955505371094,0.0032534147602162103,30,,6,8,1161,"{'max_depth': 30, 'max_features': None, 'min_samples_leaf': 6, 'min_samples_split': 8, 'n_estimators': 1161}",0.55,0.5388888888888889,0.4777777777777778,0.6277777777777778,0.6222222222222222,0.5633333333333334,0.0560643369401905,60,0.6973684210526316,0.7125506072874495,0.6862348178137652,0.6771255060728745,0.689608636977058,0.6925775978407558,0.011913738460190813
2.4866118907928465,0.0874508961492371,0.09674134254455566,0.015540572394046923,15,log2,6,11,902,"{'max_depth': 15, 'max_features': 'log2', 'min_samples_leaf': 6, 'min_samples_split': 11, 'n_estimators': 902}",0.55,0.5388888888888889,0.4777777777777778,0.6277777777777778,0.6222222222222222,0.5633333333333334,0.0560643369401905,60,0.6842105263157894,0.7125506072874495,0.6993927125506073,0.6771255060728745,0.689608636977058,0.6925775978407558,0.012352786320367138
0.9456702709197998,0.018620339003221967,0.0359044075012207,0.0020923054634608817,20,log2,3,8,343,"{'max_depth': 20, 'max_features': 'log2', 'min_samples_leaf': 3, 'min_samples_split': 8, 'n_estimators': 343}",0.5,0.5333333333333333,0.5888888888888889,0.5722222222222222,0.6222222222222222,0.5633333333333334,0.042687494916218996,60,0.7631578947368421,0.7911605937921727,0.7901484480431848,0.7813765182186234,0.7931848852901484,0.7838056680161943,0.01108626915104941
2.8338693618774413,0.032077357481798324,0.09849424362182617,0.006143720091163736,10,log2,6,8,1035,"{'max_depth': 10, 'max_features': 'log2', 'min_samples_leaf': 6, 'min_samples_split': 8, 'n_estimators': 1035}",0.55,0.5388888888888889,0.4777777777777778,0.6277777777777778,0.6222222222222222,0.5633333333333334,0.0560643369401905,60,0.6842105263157894,0.7125506072874495,0.6993927125506073,0.6771255060728745,0.689608636977058,0.6925775978407558,0.012352786320367138
1.457088088989258,0.022431473932065755,0.05205583572387695,0.0037735763373358136,20,log2,3,8,530,"{'max_depth': 20, 'max_features': 'log2', 'min_samples_leaf': 3, 'min_samples_split': 8, 'n_estimators': 530}",0.5,0.5333333333333333,0.5888888888888889,0.5722222222222222,0.6222222222222222,0.5633333333333334,0.042687494916218996,60,0.763157894736842,0.7780026990553306,0.7901484480431848,0.7941970310391363,0.7931848852901484,0.7837381916329285,0.011799688347258868
3.398511505126953,0.08277311706105536,0.11668782234191895,0.003887867931571967,3,log2,2,11,1195,"{'max_depth': 3, 'max_features': 'log2', 'min_samples_leaf': 2, 'min_samples_split': 11, 'n_estimators': 1195}",0.55,0.5388888888888889,0.5888888888888889,0.5166666666666666,0.6222222222222222,0.5633333333333334,0.03761402417735726,60,0.7105263157894737,0.7510121457489879,0.7638326585695007,0.7165991902834008,0.7162618083670715,0.7316464237516869,0.02154135318934904
3.349437427520752,0.036259495712335846,0.11929707527160645,0.005449493513992698,,,1,6,1219,"{'max_depth': None, 'max_features': None, 'min_samples_leaf': 1, 'min_samples_split': 6, 'n_estimators': 1219}",0.45,0.5333333333333333,0.5888888888888889,0.5722222222222222,0.6333333333333333,0.5555555555555556,0.061764187154165755,66,0.9078947368421053,0.8825910931174089,0.8819163292847503,0.8707827260458839,0.8832658569500675,0.8852901484480433,0.012199983874684794
2.0844253063201905,0.019897184026860432,0.07340388298034668,0.0020537340333763882,30,,2,10,765,"{'max_depth': 30, 'max_features': None, 'min_samples_leaf': 2, 'min_samples_split': 10, 'n_estimators': 765}",0.5,0.5333333333333333,0.5888888888888889,0.5722222222222222,0.5777777777777777,0.5544444444444444,0.03303570832737445,67,0.736842105263158,0.8039811066126856,0.8556005398110661,0.8323211875843455,0.831646423751687,0.8120782726045885,0.041019314626925596
0.6456055641174316,0.021261061747899636,0.02172222137451172,0.0031404397663424765,3,sqrt,1,13,221,"{'max_depth': 3, 'max_features': 'sqrt', 'min_samples_leaf': 1, 'min_samples_split': 13, 'n_estimators': 221}",0.5,0.5388888888888889,0.5888888888888889,0.5166666666666666,0.6222222222222222,0.5533333333333333,0.04562325592810626,68,0.6710526315789473,0.76417004048583,0.7638326585695007,0.7297570850202428,0.7675438596491229,0.7392712550607288,0.036788183563437785
2.0581117153167723,0.014688794652022434,0.07479982376098633,0.0027499507173385073,15,log2,6,14,762,"{'max_depth': 15, 'max_features': 'log2', 'min_samples_leaf': 6, 'min_samples_split': 14, 'n_estimators': 762}",0.5,0.5388888888888889,0.4777777777777778,0.6277777777777778,0.6222222222222222,0.5533333333333333,0.06172419738813844,68,0.6710526315789473,0.6993927125506073,0.6993927125506073,0.6771255060728745,0.689608636977058,0.6873144399460189,0.011535106961596832
4.0356996059417725,0.04804090218755262,0.14501242637634276,0.008523657063523054,20,,3,8,1464,"{'max_depth': 20, 'max_features': None, 'min_samples_leaf': 3, 'min_samples_split': 8, 'n_estimators': 1464}",0.5,0.5333333333333333,0.5888888888888889,0.5722222222222222,0.5722222222222222,0.5533333333333333,0.032317865716108854,68,0.763157894736842,0.7780026990553306,0.7901484480431848,0.8195006747638327,0.7800269905533064,0.7861673414304994,0.01876571475926448
3.3810713291168213,0.04417311731809164,0.11568937301635743,0.0049254542775180815,20,log2,3,2,1228,"{'max_depth': 20, 'max_features': 'log2', 'min_samples_leaf': 3, 'min_samples_split': 2, 'n_estimators': 1228}",0.4,0.5333333333333333,0.5888888888888889,0.5722222222222222,0.6333333333333333,0.5455555555555555,0.07953568963632568,71,0.8026315789473684,0.8302968960863698,0.7901484480431848,0.8326585695006747,0.8188259109311742,0.8149122807017545,0.016315616456399524
2.676062726974487,0.039646527201329725,0.0953648567199707,0.0010254807353694253,15,sqrt,3,5,963,"{'max_depth': 15, 'max_features': 'sqrt', 'min_samples_leaf': 3, 'min_samples_split': 5, 'n_estimators': 963}",0.4,0.5333333333333333,0.5888888888888889,0.5722222222222222,0.6333333333333333,0.5455555555555555,0.07953568963632568,71,0.8026315789473684,0.8174763832658569,0.7901484480431848,0.8326585695006747,0.831646423751687,0.8149122807017545,0.016526342458217092
2.321212100982666,0.014824969249311865,0.08357648849487305,0.0025548835768797315,30,sqrt,3,6,846,"{'max_depth': 30, 'max_features': 'sqrt', 'min_samples_leaf': 3, 'min_samples_split': 6, 'n_estimators': 846}",0.4,0.5333333333333333,0.5888888888888889,0.5722222222222222,0.6333333333333333,0.5455555555555555,0.07953568963632568,71,0.8026315789473684,0.8174763832658569,0.7901484480431848,0.8326585695006747,0.831646423751687,0.8149122807017545,0.016526342458217092
2.851890707015991,0.045071145410293285,0.11277899742126465,0.023202058521624665,10,log2,2,3,1021,"{'max_depth': 10, 'max_features': 'log2', 'min_samples_leaf': 2, 'min_samples_split': 3, 'n_estimators': 1021}",0.45,0.5333333333333333,0.5333333333333333,0.6333333333333333,0.5333333333333333,0.5366666666666666,0.0581186525805423,74,0.9078947368421053,0.856612685560054,0.8687584345479082,0.8451417004048583,0.869770580296896,0.8696356275303643,0.021138101185759723
3.720972108840942,0.050753674273044044,0.1311241626739502,0.005250764350785694,10,sqrt,1,4,1353,"{'max_depth': 10, 'max_features': 'sqrt', 'min_samples_leaf': 1, 'min_samples_split': 4, 'n_estimators': 1353}",0.5,0.5333333333333333,0.5333333333333333,0.5777777777777777,0.5333333333333333,0.5355555555555555,0.024745619390355633,75,0.9342105263157894,0.8825910931174089,0.8950742240215924,0.8967611336032388,0.934885290148448,0.9087044534412956,0.02166254645400013
2.302942180633545,0.022711893008857148,0.08018455505371094,0.003918551482468103,15,sqrt,1,10,832,"{'max_depth': 15, 'max_features': 'sqrt', 'min_samples_leaf': 1, 'min_samples_split': 10, 'n_estimators': 832}",0.4,0.5333333333333333,0.5888888888888889,0.5722222222222222,0.5777777777777777,0.5344444444444443,0.06977919319158925,76,0.7763157894736843,0.8168016194331984,0.8556005398110661,0.8451417004048583,0.831646423751687,0.8251012145748989,0.02765346508903568
2.3021392822265625,0.02180864471215979,0.08399319648742676,0.004391682168673041,30,,2,9,840,"{'max_depth': 30, 'max_features': None, 'min_samples_leaf': 2, 'min_samples_split': 9, 'n_estimators': 840}",0.4,0.5333333333333333,0.5888888888888889,0.5722222222222222,0.5777777777777777,0.5344444444444443,0.06977919319158925,76,0.8157894736842105,0.8302968960863698,0.8556005398110661,0.8323211875843455,0.831646423751687,0.8331309041835357,0.012778894021121368
2.7528770923614503,0.030963522319329362,0.09354925155639648,0.0013230601545459653,15,,2,6,997,"{'max_depth': 15, 'max_features': None, 'min_samples_leaf': 2, 'min_samples_split': 6, 'n_estimators': 997}",0.35,0.5333333333333333,0.5888888888888889,0.5722222222222222,0.5833333333333333,0.5255555555555554,0.08989706047186126,78,0.881578947368421,0.856612685560054,0.8556005398110661,0.8323211875843455,0.8701079622132254,0.8592442645074223,0.01650401160184663
2.9071320056915284,0.02333148423986754,0.09813761711120605,0.003128490177401822,15,sqrt,2,9,1005,"{'max_depth': 15, 'max_features': 'sqrt', 'min_samples_leaf': 2, 'min_samples_split': 9, 'n_estimators': 1005}",0.4,0.5333333333333333,0.5888888888888889,0.5722222222222222,0.5277777777777778,0.5244444444444444,0.06635110500814939,79,0.8157894736842105,0.8171390013495277,0.8556005398110661,0.8323211875843455,0.8184885290148447,0.8278677462887989,0.015085763684191228
2.1225823402404784,0.027887931955265483,0.0758047103881836,0.005050288431041831,20,,3,7,777,"{'max_depth': 20, 'max_features': None, 'min_samples_leaf': 3, 'min_samples_split': 7, 'n_estimators': 777}",0.4,0.5333333333333333,0.5888888888888889,0.5722222222222222,0.5277777777777778,0.5244444444444444,0.06635110500814939,79,0.8026315789473684,0.8043184885290149,0.7901484480431848,0.8326585695006747,0.8188259109311742,0.8097165991902834,0.014639420835436895
