feature,control_mean,adhd_mean,adhd_minus_control,absolute_difference
central_parietal_beta_connectivity,0.22820506193691295,0.5693874610016095,0.3411823990646966,0.3411823990646966
central_parietal_alpha_connectivity,0.34091568251840626,0.6518753603579938,0.3109596778395875,0.3109596778395875
C4_P4_beta_connectivity,0.36351999058399914,0.6539708940803556,0.29045090349635644,0.29045090349635644
central_occipital_beta_connectivity,0.0619851506528663,0.3502455091261495,0.2882603584732832,0.2882603584732832
P4_Cz_beta_connectivity,0.21348024820236003,0.4968554069786776,0.2833751587763176,0.2833751587763176
C3_P3_beta_connectivity,0.3926029396550187,0.6658019539695668,0.27319901431454807,0.27319901431454807
central_occipital_alpha_connectivity,0.05608833669159337,0.3250889032422521,0.26900056655065874,0.26900056655065874
C4_O2_beta_connectivity,0.06344932119207423,0.33112738766766464,0.2676780664755904,0.2676780664755904
P4_Cz_alpha_connectivity,0.24583456030091588,0.509223186075524,0.2633886257746081,0.2633886257746081
C4_O2_alpha_connectivity,0.09469938680132288,0.35555985188175826,0.26086046508043537,0.26086046508043537
frontal_parietal_beta_connectivity,-0.08313485956343641,0.17578051572849293,0.2589153752919293,0.2589153752919293
C4_P4_alpha_connectivity,0.4164117500510969,0.6669885054479587,0.25057675539686186,0.25057675539686186
C3_O1_beta_connectivity,0.09297817899116213,0.3406811983840488,0.2477030193928867,0.2477030193928867
O2_Cz_beta_connectivity,0.045984900631800496,0.29264230323526746,0.24665740260346697,0.24665740260346697
C3_P3_alpha_connectivity,0.4512561984428375,0.6959172481861308,0.24466104974329328,0.24466104974329328
Cz_Pz_alpha_connectivity,0.24263578775165634,0.48058635637577496,0.23795056862411862,0.23795056862411862
Cz_Pz_theta_connectivity,0.303361392005627,0.5391317357608931,0.23577034375526612,0.23577034375526612
P3_Cz_alpha_connectivity,0.2079003945843262,0.44180818721587933,0.23390779263155315,0.23390779263155315
P3_Cz_theta_connectivity,0.2761691344417684,0.5085868925068128,0.2324177580650444,0.2324177580650444
O2_Cz_alpha_connectivity,0.037901285803766366,0.2668494118575516,0.22894812605378526,0.22894812605378526
C4_O2_theta_connectivity,0.22077472275009272,0.4451216595395216,0.22434693678942888,0.22434693678942888
P4_Cz_theta_connectivity,0.39048499030561906,0.6107276139901113,0.22024262368449227,0.22024262368449227
central_parietal_theta_connectivity,0.49279433518623583,0.7108473990742334,0.2180530638879976,0.2180530638879976
C3_P7_beta_connectivity,0.10682693946696124,0.32000597020315996,0.2131790307361987,0.2131790307361987
C4_P8_beta_connectivity,0.09094976513359634,0.30385732757469197,0.21290756244109563,0.21290756244109563
frontal_parietal_alpha_connectivity,-0.04099672711505116,0.16929162881059606,0.2102883559256472,0.2102883559256472
C4_P8_alpha_connectivity,0.17859847399356948,0.3880083510347658,0.2094098770411963,0.2094098770411963
C3_P7_alpha_connectivity,0.22500883013116857,0.43151663563872433,0.20650780550755576,0.20650780550755576
P4_F8_beta_connectivity,-0.022756964946668713,0.1781634009486842,0.2009203658953529,0.2009203658953529
P4_T8_beta_connectivity,0.24266947421752919,0.44229365188690595,0.19962417766937676,0.19962417766937676
Fz_Pz_beta_connectivity,0.1490922791172407,0.3485280138351156,0.1994357347178749,0.1994357347178749
P3_F7_beta_connectivity,0.0007641512585680447,0.19939850437858714,0.1986343531200191,0.1986343531200191
temporal_parietal_beta_connectivity,0.28964671069484715,0.4874445855696462,0.19779787487479905,0.19779787487479905
O1_Cz_alpha_connectivity,-0.03196497774194729,0.1653267800696538,0.19729175781160108,0.19729175781160108
P8_Cz_beta_connectivity,0.013623881264150213,0.21060159657989277,0.19697771531574257,0.19697771531574257
P3_Fz_beta_connectivity,0.077011821126524,0.27351681993106103,0.19650499880453703,0.19650499880453703
F3_P3_beta_connectivity,0.10136300430856061,0.2972342908548966,0.195871286546336,0.195871286546336
O2_Cz_theta_connectivity,0.17755270939202145,0.37337106265551634,0.1958183532634949,0.1958183532634949
C3_Pz_beta_connectivity,0.2649420406854151,0.4606747169118934,0.19573267622647827,0.19573267622647827
F4_P4_alpha_connectivity,0.051973292425796576,0.24726579722128145,0.19529250479548488,0.19529250479548488
frontal_occipital_beta_connectivity,-0.14122890370707977,0.05212668738431328,0.19335559109139305,0.19335559109139305
C3_O1_alpha_connectivity,0.1281148987704209,0.32145913177062535,0.19334423300020445,0.19334423300020445
P4_T8_alpha_connectivity,0.328212760210742,0.5207457047778108,0.19253294456706876,0.19253294456706876
C3_P4_alpha_connectivity,0.13738964304830734,0.3282194030571317,0.19082976000882437,0.19082976000882437
F4_P4_beta_connectivity,0.08307339560812607,0.27304676004508094,0.18997336443695487,0.18997336443695487
C3_P4_theta_connectivity,0.268557392805884,0.4568940991463907,0.1883367063405067,0.1883367063405067
central_occipital_theta_connectivity,0.24440585236271628,0.4317500527463644,0.18734420038364813,0.18734420038364813
Fp1_P3_beta_connectivity,-0.030066521385870636,0.15631902427224156,0.1863855456581122,0.1863855456581122
temporal_occipital_beta_connectivity,0.08249800560694363,0.2686201346086074,0.18612212900166375,0.18612212900166375
C4_P4_theta_connectivity,0.5166324266187299,0.702224509105711,0.1855920824869811,0.1855920824869811
F3_O1_beta_connectivity,-0.06503542924635956,0.1171167843758942,0.18215221362225376,0.18215221362225376
P7_Cz_alpha_connectivity,-0.00020308985780759608,0.180914805964394,0.18111789582220159,0.18111789582220159
F3_F7_beta_connectivity,0.39650125510815987,0.5774321848213517,0.18093092971319186,0.18093092971319186
O2_T8_alpha_connectivity,0.13494754610261295,0.3133424308426411,0.17839488474002813,0.17839488474002813
O2_F8_beta_connectivity,-0.02787906774558652,0.1501977284464825,0.178076796192069,0.178076796192069
C4_Pz_alpha_connectivity,0.24760174644440683,0.42514690167387564,0.17754515522946882,0.17754515522946882
T7_P7_beta_connectivity,0.25685275793458173,0.4343331850074626,0.17748042707288086,0.17748042707288086
P4_T8_theta_connectivity,0.37248811487538747,0.5480783333274672,0.17559021845207978,0.17559021845207978
F4_P8_alpha_connectivity,-0.03605327151136586,0.1390350840595443,0.17508835557091015,0.17508835557091015
C3_Pz_alpha_connectivity,0.31706003339058547,0.4918302224952376,0.17477018910465214,0.17477018910465214
O1_Fz_beta_connectivity,-0.03674760478741878,0.1376411256145114,0.17438873040193018,0.17438873040193018
P4_Fz_alpha_connectivity,-0.05951918202326989,0.11454390566923837,0.17406308769250828,0.17406308769250828
O1_Cz_theta_connectivity,0.06256324690015788,0.23662048123678237,0.17405723433662448,0.17405723433662448
Cz_Pz_beta_connectivity,0.12094492086902583,0.29482812236155154,0.1738832014925257,0.1738832014925257
O1_T7_beta_connectivity,0.10177536934593226,0.27529688440482913,0.17352151505889687,0.17352151505889687
P4_Fz_theta_connectivity,0.08276666149936479,0.2547787578447829,0.1720120963454181,0.1720120963454181
P4_F8_alpha_connectivity,-0.017199625314127862,0.15347750375642735,0.1706771290705552,0.1706771290705552
O2_T8_beta_connectivity,0.08293313599942188,0.25353283475688415,0.17059969875746228,0.17059969875746228
F3_P7_beta_connectivity,-0.022432992371400354,0.14791872701667488,0.17035171938807525,0.17035171938807525
T7_P7_alpha_connectivity,0.44160464178223363,0.6118380691443701,0.17023342736213648,0.17023342736213648
temporal_parietal_alpha_connectivity,0.40800897598120717,0.5777808913700729,0.16977191538886577,0.16977191538886577
Fp1_F3_beta_connectivity,0.4183829336230303,0.5872329785445013,0.168850044921471,0.168850044921471
C4_Pz_theta_connectivity,0.30755776627440556,0.47595830148451984,0.16840053521011428,0.16840053521011428
P8_Cz_alpha_connectivity,0.038428689462044474,0.20624299450302938,0.1678143050409849,0.1678143050409849
F4_O2_alpha_connectivity,-0.10146761564942529,0.06532454945730273,0.166792165106728,0.166792165106728
P3_T7_beta_connectivity,0.308447183217961,0.4740951280405605,0.16564794482259948,0.16564794482259948
F7_Pz_beta_connectivity,-0.019561164385816836,0.1442185389720429,0.16377970335785974,0.16377970335785974
Fp2_Pz_theta_connectivity,-0.03844579957567971,0.12474550897960637,0.16319130855528607,0.16319130855528607
C3_O2_alpha_connectivity,-0.02838824323928779,0.13442365370058984,0.16281189693987763,0.16281189693987763
C4_P7_alpha_connectivity,-0.010583840143374493,0.15120418873938138,0.16178802888275587,0.16178802888275587
C4_P8_theta_connectivity,0.2737230030037389,0.4353807167497659,0.161657713746027,0.161657713746027
P3_Cz_beta_connectivity,0.08191079376994521,0.2433497224453466,0.16143892867540138,0.16143892867540138
O1_Pz_beta_connectivity,0.3904903771071916,0.5518529008780207,0.16136252377082916,0.16136252377082916
Fz_Pz_alpha_connectivity,0.11390521453698403,0.2748662771749824,0.16096106263799836,0.16096106263799836
P7_Cz_theta_connectivity,0.08368402355482454,0.24426936568883595,0.1605853421340114,0.1605853421340114
C4_P3_theta_connectivity,0.31137600680868766,0.47195227256340305,0.1605762657547154,0.1605762657547154
T8_Cz_beta_connectivity,0.1759809065502603,0.33577663305824723,0.15979572650798693,0.15979572650798693
F4_O2_beta_connectivity,-0.012974088234284031,0.14645321313850876,0.1594273013727928,0.1594273013727928
T8_P8_beta_connectivity,0.2216051124065425,0.37921189527138127,0.15760678286483878,0.15760678286483878
Fp2_P4_beta_connectivity,-0.05015063072356144,0.10712877793996611,0.15727940866352755,0.15727940866352755
O1_Cz_beta_connectivity,-0.05818442156586181,0.09890689061213491,0.1570913121779967,0.1570913121779967
F3_Pz_beta_connectivity,0.09213315125666492,0.24919624855593916,0.15706309729927426,0.15706309729927426
C3_P3_theta_connectivity,0.5924087091703237,0.7481440929313377,0.15573538376101392,0.15573538376101392
F4_P8_beta_connectivity,-0.03076835891362295,0.12451144278806953,0.15527980170169248,0.15527980170169248
P4_F8_theta_connectivity,0.12924159984943007,0.28268335700336444,0.15344175715393438,0.15344175715393438
C4_P3_alpha_connectivity,0.19069720153678957,0.34391025940538916,0.1532130578685996,0.1532130578685996
F4_Pz_theta_connectivity,0.08962883856861022,0.24192496503974975,0.15229612647113955,0.15229612647113955
O2_T8_theta_connectivity,0.21064152272766798,0.362494664681694,0.15185314195402602,0.15185314195402602
F4_P4_theta_connectivity,0.27437651657957673,0.42489418438981297,0.15051766781023623,0.15051766781023623
F3_Fz_beta_connectivity,0.5301213560644559,0.6801140003076125,0.14999264424315661,0.14999264424315661
P3_Fz_alpha_connectivity,0.07288653878117375,0.22164753765163453,0.1487609988704608,0.1487609988704608
temporal_occipital_alpha_connectivity,0.15036226741339606,0.29856216253830653,0.14819989512491047,0.14819989512491047
C3_O2_theta_connectivity,0.082527450305032,0.23067697921132105,0.14814952890628905,0.14814952890628905
P8_Cz_theta_connectivity,0.16314216200674592,0.310717925202607,0.14757576319586108,0.14757576319586108
F4_O2_theta_connectivity,0.06266138378564282,0.21000801364837882,0.147346629862736,0.147346629862736
C4_O1_alpha_connectivity,-0.006492203796125578,0.13967690944644506,0.14616911324257065,0.14616911324257065
Fp2_P4_alpha_connectivity,-0.06661099026391101,0.07917309068936765,0.14578408095327866,0.14578408095327866
F4_Pz_alpha_connectivity,-0.04945793222737439,0.09521965603402749,0.14467758826140187,0.14467758826140187
C4_P7_theta_connectivity,0.10991215012601029,0.2523078246194716,0.1423956744934613,0.1423956744934613
Fp1_O1_beta_connectivity,-0.09969497564107707,0.042479802107237806,0.14217477774831488,0.14217477774831488
F3_P3_alpha_connectivity,0.11536203794712338,0.2574248156363957,0.1420627776892723,0.1420627776892723
Fp1_Pz_beta_connectivity,-0.011383355025066263,0.13054246974122352,0.1419258247662898,0.1419258247662898
F3_P4_theta_connectivity,0.1245357276292349,0.2661627240920571,0.1416269964628222,0.1416269964628222
T8_Pz_alpha_connectivity,0.13388525536646928,0.2755010751085618,0.14161581974209253,0.14161581974209253
P7_Fz_beta_connectivity,-0.032627980158890076,0.10877303605539308,0.14140101621428317,0.14140101621428317
O1_F7_beta_connectivity,-0.0719718382013026,0.06825783203260581,0.14022967023390842,0.14022967023390842
T7_Pz_beta_connectivity,0.16564854123693615,0.30488981635948414,0.139241275122548,0.139241275122548
F8_P8_beta_connectivity,-0.0026122871117057124,0.13661948940826785,0.13923177651997357,0.13923177651997357
P3_Pz_beta_connectivity,0.5140952675465883,0.6531660002701013,0.139070732723513,0.139070732723513
F4_P3_theta_connectivity,0.14047888244712453,0.2781994076278933,0.13772052518076877,0.13772052518076877
F7_P7_beta_connectivity,0.028059134605523218,0.16555304098304788,0.13749390637752465,0.13749390637752465
Fp1_P3_alpha_connectivity,-0.021778265915372793,0.11372946855113167,0.13550773446650446,0.13550773446650446
F4_P7_theta_connectivity,0.01700328479573478,0.15220158406857004,0.13519829927283525,0.13519829927283525
F8_Cz_beta_connectivity,0.11682456897508972,0.25197868319898803,0.1351541142238983,0.1351541142238983
P3_F7_alpha_connectivity,0.045776224385060446,0.18067454269222313,0.1348983183071627,0.1348983183071627
P3_P7_beta_connectivity,0.37022938413214607,0.5034566545547827,0.13322727042263666,0.13322727042263666
T8_Cz_alpha_connectivity,0.22153489724074563,0.354466640548949,0.13293174330820337,0.13293174330820337
Fp2_P3_theta_connectivity,0.03142920925831326,0.16296486733441748,0.13153565807610423,0.13153565807610423
Fp2_Pz_alpha_connectivity,-0.16722237353394834,-0.03570806394888634,0.131514309585062,0.131514309585062
F4_P7_alpha_connectivity,-0.09913038268312112,0.03229101082299394,0.13142139350611506,0.13142139350611506
F3_P4_alpha_connectivity,-0.025899004329107533,0.10424373226019493,0.13014273658930245,0.13014273658930245
C4_Pz_beta_connectivity,0.15437347672833554,0.28403700902013385,0.1296635322917983,0.1296635322917983
P4_Fz_beta_connectivity,-0.08832672856539285,0.040673835948144846,0.1290005645135377,0.1290005645135377
P7_Cz_beta_connectivity,-0.0419056052423167,0.08655936233116435,0.12846496757348105,0.12846496757348105
F3_F7_alpha_connectivity,0.5519946330526636,0.6802609845134742,0.12826635146081056,0.12826635146081056
O1_F7_delta_connectivity,0.3633575353665888,0.2351209110738258,-0.12823662429276303,0.12823662429276303
F8_Pz_alpha_connectivity,-0.08081519436660807,0.04715975601071495,0.127974950377323,0.127974950377323
F3_P7_alpha_connectivity,0.02240263341215871,0.14989880928510507,0.12749617587294637,0.12749617587294637
Fz_Cz_theta_connectivity,0.37379988330123326,0.5011188989609086,0.1273190156596753,0.1273190156596753
P3_T7_alpha_connectivity,0.4317363174734936,0.5578910261396282,0.12615470866613454,0.12615470866613454
P4_T7_theta_connectivity,0.19863127740182046,0.3247099113241183,0.12607863392229784,0.12607863392229784
C3_P8_alpha_connectivity,0.0030509155569682467,0.12908144008680833,0.1260305245298401,0.1260305245298401
F3_Fz_alpha_connectivity,0.6684190274315092,0.793846746982471,0.12542771955096188,0.12542771955096188
F8_Pz_theta_connectivity,0.032098499184514004,0.157274139385702,0.125175640201188,0.125175640201188
Fp2_P8_beta_connectivity,-0.07746323605099749,0.047098007182775,0.12456124323377249,0.12456124323377249
F3_Pz_alpha_connectivity,0.09628249852745048,0.2184096209416727,0.12212712241422223,0.12212712241422223
F4_Fz_theta_connectivity,0.5969882004257919,0.7190220631215644,0.12203386269577243,0.12203386269577243
T8_P8_alpha_connectivity,0.434011576562447,0.5559845779048042,0.12197300134235717,0.12197300134235717
C3_F7_beta_connectivity,0.2757232361644535,0.39763424309151285,0.12191100692705936,0.12191100692705936
C4_O1_theta_connectivity,0.10387830084214558,0.22570201714315802,0.12182371630101244,0.12182371630101244
C4_O1_beta_connectivity,-0.012652784132735401,0.1089547328703457,0.1216075170030811,0.1216075170030811
F4_P8_theta_connectivity,0.13799410481658247,0.259099527092378,0.12110542227579552,0.12110542227579552
Fp1_P4_theta_connectivity,0.04929567049739345,0.17032586024810256,0.12103018975070912,0.12103018975070912
O1_Pz_alpha_connectivity,0.44306141313554637,0.5637146505150762,0.12065323737952982,0.12065323737952982
frontal_parietal_theta_connectivity,0.24828416750191368,0.3686222017048213,0.12033803420290762,0.12033803420290762
Fp2_O2_beta_connectivity,-0.030571842790872782,0.08965372769763581,0.1202255704885086,0.1202255704885086
Fp1_P7_beta_connectivity,-0.0452580292595597,0.07487372946185579,0.12013175872141549,0.12013175872141549
F4_P3_alpha_connectivity,-0.004597257229935268,0.11534236914239013,0.1199396263723254,0.1199396263723254
P4_T7_alpha_connectivity,0.0878889942320998,0.2072828599046411,0.1193938656725413,0.1193938656725413
O1_P8_delta_connectivity,0.33487693855378736,0.2169935080967427,-0.11788343045704466,0.11788343045704466
C4_P7_beta_connectivity,-0.023259415810945063,0.09433145262880947,0.11759086843975454,0.11759086843975454
P3_O1_beta_connectivity,0.5352196503236244,0.6519632711223275,0.11674362079870315,0.11674362079870315
Fp1_P4_alpha_connectivity,-0.10200431935444203,0.01463886862584096,0.11664318798028299,0.11664318798028299
F7_T7_beta_connectivity,0.3263806196913206,0.44258941785510114,0.11620879816378055,0.11620879816378055
frontal_occipital_alpha_connectivity,-0.1382318641423391,-0.02256566901295603,0.11566619512938306,0.11566619512938306
Fp1_F3_alpha_connectivity,0.61982738695061,0.735429419597331,0.11560203264672098,0.11560203264672098
Fz_Cz_alpha_connectivity,0.27803138427686647,0.3933203027678348,0.11528891849096834,0.11528891849096834
Fp1_Pz_alpha_connectivity,-0.005831585231236708,0.10908690257890576,0.11491848781014247,0.11491848781014247
F4_T7_theta_connectivity,0.2469351837438073,0.3591531389604027,0.11221795521659539,0.11221795521659539
central_temporal_beta_connectivity,0.4150972518551595,0.5266893839103389,0.11159213205517943,0.11159213205517943
Fp2_P4_theta_connectivity,0.13778363194638085,0.24893282426525218,0.11114919231887133,0.11114919231887133
T7_Fz_beta_connectivity,0.1530494087689783,0.26386971269893567,0.11082030392995737,0.11082030392995737
central_temporal_alpha_connectivity,0.5186864746327969,0.6294720661109184,0.1107855914781215,0.1107855914781215
C3_P8_theta_connectivity,0.1092106754290406,0.21995437259914602,0.11074369717010542,0.11074369717010542
P3_Pz_alpha_connectivity,0.601630473482454,0.7122640727227879,0.11063359924033389,0.11063359924033389
F4_F8_alpha_connectivity,0.5162113043699806,0.6267671983932946,0.110555894023314,0.110555894023314
F7_Cz_theta_connectivity,0.21838650316483635,0.32797089665561296,0.10958439349077662,0.10958439349077662
T7_Cz_theta_connectivity,0.3095324718539164,0.4188351362551673,0.10930266440125086,0.10930266440125086
O1_T7_delta_connectivity,0.5116699247432147,0.40284084173899765,-0.10882908300421706,0.10882908300421706
T8_Pz_theta_connectivity,0.1961496083619156,0.30433283583384385,0.10818322747192824,0.10818322747192824
Fp2_P3_alpha_connectivity,-0.09857597634807354,0.008988384116347533,0.10756436046442107,0.10756436046442107
O2_F8_alpha_connectivity,-0.08070375630336546,0.02609267109376258,0.10679642739712804,0.10679642739712804
P7_Pz_beta_connectivity,0.20861826230732625,0.3152555669568977,0.10663730464957147,0.10663730464957147
P4_F7_theta_connectivity,0.08582105096068444,0.19208467889234707,0.10626362793166262,0.10626362793166262
P3_P4_theta_connectivity,0.45105129718399345,0.5571758301546775,0.10612453297068408,0.10612453297068408
Fp1_O1_delta_connectivity,0.3171703497548973,0.21126444833296773,-0.10590590142192954,0.10590590142192954
F7_Cz_alpha_connectivity,0.11750974303098392,0.2230807995712753,0.10557105654029138,0.10557105654029138
C3_Pz_theta_connectivity,0.5061943025013896,0.6117357379032723,0.10554143540188266,0.10554143540188266
Fp2_P7_theta_connectivity,-0.01295085613398071,0.09241778821248356,0.10536864434646427,0.10536864434646427
F7_Pz_alpha_connectivity,0.000637319926318819,0.1060057177119117,0.10536839778559287,0.10536839778559287
F3_O1_delta_connectivity,0.44176900840375966,0.33645662225983297,-0.10531238614392668,0.10531238614392668
C4_F8_beta_connectivity,0.21600786389599985,0.3208267636350677,0.10481889973906783,0.10481889973906783
P4_F7_alpha_connectivity,-0.05276337972505267,0.05184436194352168,0.10460774166857435,0.10460774166857435
Fp2_P7_alpha_connectivity,-0.1192252188651508,-0.015435396546838388,0.10378982231831242,0.10378982231831242
C3_Fz_beta_connectivity,0.36404071934290133,0.4673101553933761,0.10326943605047478,0.10326943605047478
C4_P3_beta_connectivity,0.11972227408901531,0.22293985952319004,0.10321758543417472,0.10321758543417472
Fz_Pz_theta_connectivity,0.2880893339623232,0.3909965398608078,0.10290720589848457,0.10290720589848457
Fp2_O2_alpha_connectivity,-0.11742367965177064,-0.015176247251944856,0.10224743239982578,0.10224743239982578
Fp1_C3_beta_connectivity,0.23670453517022863,0.33854486280739277,0.10184032763716414,0.10184032763716414
frontal_occipital_delta_connectivity,0.37292633665341407,0.27109098036978624,-0.10183535628362783,0.10183535628362783
F4_F8_beta_connectivity,0.3976662971453607,0.4990699101118317,0.10140361296647099,0.10140361296647099
F4_O1_theta_connectivity,-0.029083921535243317,0.07175901102268639,0.10084293255792971,0.10084293255792971
C3_O1_theta_connectivity,0.32795762366473435,0.4285735584556171,0.10061593479088277,0.10061593479088277
F3_Fz_theta_connectivity,0.7484019658909713,0.8489931815152534,0.10059121562428208,0.10059121562428208
O2_P8_delta_connectivity,0.6995858137567691,0.5990114527216925,-0.10057436103507655,0.10057436103507655
P3_P8_delta_connectivity,0.35105008845785773,0.2508234245648834,-0.10022666389297435,0.10022666389297435
F3_O2_theta_connectivity,-0.019124850866015685,0.08108684344141284,0.10021169430742853,0.10021169430742853
C3_P4_beta_connectivity,0.12031898781928117,0.22040332952362995,0.10008434170434878,0.10008434170434878
P3_F8_theta_connectivity,0.08211214200680003,0.18176952147625236,0.09965737946945233,0.09965737946945233
O1_P7_delta_connectivity,0.714008789368167,0.614395494670581,-0.09961329469758606,0.09961329469758606
C4_T7_theta_connectivity,0.2949682562307652,0.3938731886205404,0.09890493238977516,0.09890493238977516
C3_T8_alpha_connectivity,0.14286631055099352,0.24137572780105007,0.09850941725005655,0.09850941725005655
Fp2_O1_theta_connectivity,-0.06946138800326836,0.028994433375680206,0.09845582137894857,0.09845582137894857
C3_P7_theta_connectivity,0.38949861648441314,0.48731278766898484,0.0978141711845717,0.0978141711845717
Fp2_T7_theta_connectivity,0.14803292127027765,0.24581901785361895,0.09778609658334131,0.09778609658334131
frontal_temporal_beta_connectivity,0.25957248216461043,0.3572482405151415,0.09767575835053105,0.09767575835053105
F4_Fz_delta_connectivity,0.5272798239326664,0.6247730875718892,0.09749326363922284,0.09749326363922284
F4_Fz_alpha_connectivity,0.5677758752606262,0.665194481563875,0.09741860630324872,0.09741860630324872
O2_F8_theta_connectivity,0.027819607569174957,0.12475238850285329,0.09693278093367834,0.09693278093367834
F4_O1_alpha_connectivity,-0.13834283183928095,-0.04183921868175271,0.09650361315752824,0.09650361315752824
F3_O1_alpha_connectivity,-0.04825991192799124,0.048236225467891684,0.09649613739588292,0.09649613739588292
F3_P8_theta_connectivity,0.03237933195004076,0.12873261395152494,0.09635328200148419,0.09635328200148419
F4_T8_alpha_connectivity,0.31386612806262687,0.40935411173148045,0.09548798366885358,0.09548798366885358
Cz_Pz_delta_connectivity,0.3717022608691181,0.4664322912236678,0.09473003035454969,0.09473003035454969
C4_Fz_theta_connectivity,0.3849957886917471,0.479679114732611,0.09468332604086388,0.09468332604086388
C3_Fz_alpha_connectivity,0.37800028417997944,0.47251423139906906,0.09451394721908962,0.09451394721908962
C4_Cz_beta_connectivity,0.5370139197715245,0.6312426263791643,0.09422870660763982,0.09422870660763982
T7_Pz_alpha_connectivity,0.1932067383775406,0.287045274997083,0.09383853661954239,0.09383853661954239
Fp2_F3_theta_connectivity,0.429125243906318,0.5226113932468095,0.09348614934049149,0.09348614934049149
Fp2_P8_alpha_connectivity,-0.07077132546685316,0.02252924264302165,0.09330056810987482,0.09330056810987482
P3_Fz_theta_connectivity,0.29850056700830696,0.39175600579890674,0.09325543879059978,0.09325543879059978
C4_T7_alpha_connectivity,0.1599332022008844,0.25285003252239363,0.09291683032150924,0.09291683032150924
F3_P8_alpha_connectivity,-0.06531773423613295,0.026808896780390744,0.09212663101652369,0.09212663101652369
P3_Cz_delta_connectivity,0.3407044636666375,0.4318824822348267,0.09117801856818925,0.09117801856818925
F4_F8_theta_connectivity,0.5670278994384073,0.6580324564866334,0.09100455704822619,0.09100455704822619
F8_P8_alpha_connectivity,0.07622745528701341,0.16682516533933522,0.09059771005232181,0.09059771005232181
C3_Cz_theta_connectivity,0.5696510749879781,0.6592209271185941,0.08956985213061608,0.08956985213061608
Fp1_F7_delta_connectivity,0.7525451780113074,0.6630713953717233,-0.08947378263958405,0.08947378263958405
P3_P4_alpha_connectivity,0.37897049004567634,0.4677560958707708,0.08878560582509448,0.08878560582509448
Fp2_O2_theta_connectivity,0.0298711584552474,0.11862186465088242,0.08875070619563502,0.08875070619563502
P3_T8_theta_connectivity,0.2235482317734818,0.31179335662469376,0.08824512485121197,0.08824512485121197
F4_F7_theta_connectivity,0.3589800304336643,0.4470455247632496,0.08806549432958533,0.08806549432958533
F3_F4_delta_connectivity,0.5326816135686502,0.6205419180891342,0.08786030452048399,0.08786030452048399
Fp2_Fz_beta_connectivity,0.3262483733418381,0.23841347018573592,-0.08783490315610218,0.08783490315610218
P3_T8_alpha_connectivity,0.10735194401849643,0.19486957220838644,0.08751762818989,0.08751762818989
C4_T8_beta_connectivity,0.409504687714134,0.49682098825791077,0.08731630054377676,0.08731630054377676
O1_T7_alpha_connectivity,0.19389574922481306,0.28117660147492,0.08728085225010696,0.08728085225010696
P8_Fz_alpha_connectivity,-0.04990790317904854,0.037234782373521534,0.08714268555257007,0.08714268555257007
O1_T8_alpha_connectivity,0.010465714223523446,0.09713050522327203,0.08666479099974858,0.08666479099974858
T7_Cz_alpha_connectivity,0.25277113533078926,0.3391748448013379,0.08640370947054865,0.08640370947054865
Fp1_T7_beta_connectivity,0.12360959321917539,0.20943996065912787,0.08583036743995248,0.08583036743995248
P4_P8_delta_connectivity,0.666522523265778,0.5808035509610303,-0.08571897230474768,0.08571897230474768
F8_T7_theta_connectivity,0.17713555936133096,0.26254718852521614,0.08541162916388517,0.08541162916388517
Fp1_F4_theta_connectivity,0.46475456679633415,0.5501378276280394,0.08538326083170528,0.08538326083170528
Fp2_F3_delta_connectivity,0.4509174926399832,0.5355473687109186,0.08462987607093536,0.08462987607093536
C4_F7_theta_connectivity,0.2408925972873688,0.32541505955702354,0.08452246226965474,0.08452246226965474
Fp2_C4_delta_connectivity,0.5756933094967519,0.49121927787254066,-0.08447403162421124,0.08447403162421124
C3_C4_alpha_connectivity,0.35101684594418636,0.43503276566809757,0.0840159197239112,0.0840159197239112
P3_F8_alpha_connectivity,-0.03388064296218322,0.04990912696826358,0.08378976993044679,0.08378976993044679
F3_O2_alpha_connectivity,-0.12769762398619594,-0.04411568271766947,0.08358194126852647,0.08358194126852647
P4_P7_alpha_connectivity,0.14780808548369703,0.2311666086853698,0.08335852320167278,0.08335852320167278
F3_P3_theta_connectivity,0.35982447354170405,0.44308340967148796,0.08325893612978391,0.08325893612978391
F7_Pz_delta_connectivity,0.41169048761535076,0.3284333894420912,-0.08325709817325955,0.08325709817325955
F4_Pz_beta_connectivity,-0.04290186565715987,0.04006702955220607,0.08296889520936594,0.08296889520936594
F8_Cz_alpha_connectivity,0.17727187808361677,0.2602237320030252,0.0829518539194084,0.0829518539194084
T8_Cz_theta_connectivity,0.3743333326035893,0.4568591839235205,0.08252585131993118,0.08252585131993118
C3_T8_theta_connectivity,0.29507511357455934,0.3775861968413236,0.08251108326676426,0.08251108326676426
O2_Fz_theta_connectivity,-0.028277411294922273,0.05415217840421036,0.08242958969913264,0.08242958969913264
C3_O2_beta_connectivity,0.0823892732335252,0.16465188597086125,0.08226261273733605,0.08226261273733605
T8_Pz_beta_connectivity,0.10397318424618343,0.1854180144746432,0.08144483022845977,0.08144483022845977
P4_O2_alpha_connectivity,0.6510329874667815,0.7318546942399158,0.08082170677313427,0.08082170677313427
T8_P8_theta_connectivity,0.4810153279148878,0.5610426366851551,0.08002730877026726,0.08002730877026726
frontal_temporal_alpha_connectivity,0.36019756955940585,0.4399216818842969,0.07972411232489107,0.07972411232489107
O2_Pz_alpha_connectivity,0.35925612623702097,0.43857887377649213,0.07932274753947116,0.07932274753947116
P7_P8_delta_connectivity,0.33359775667176594,0.25429355383947083,-0.07930420283229511,0.07930420283229511
C3_T7_beta_connectivity,0.48423884462499506,0.563527349982257,0.0792885053572619,0.0792885053572619
Fp2_T7_alpha_connectivity,0.04682314281797753,0.1261017794414324,0.07927863662345486,0.07927863662345486
O2_T7_alpha_connectivity,0.013892915984422832,0.09284987961832974,0.07895696363390692,0.07895696363390692
P4_O1_alpha_connectivity,0.2914243501327629,0.37031961705954286,0.07889526692677995,0.07889526692677995
temporal_parietal_theta_connectivity,0.5493153293973834,0.6280797594772091,0.0787644300798257,0.0787644300798257
F4_T7_alpha_connectivity,0.13425936016496512,0.21246593650917917,0.07820657634421405,0.07820657634421405
F8_Pz_beta_connectivity,-0.05843092733600919,0.01953714076405211,0.07796806810006131,0.07796806810006131
P7_Pz_delta_connectivity,0.6339219507463458,0.5568311486152236,-0.07709080213112218,0.07709080213112218
F4_C3_beta_connectivity,0.2950390474410757,0.2185167928255511,-0.07652225461552459,0.07652225461552459
F4_O1_beta_connectivity,-0.09683731145063207,-0.020358110819823864,0.07647920063080821,0.07647920063080821
P3_P7_alpha_connectivity,0.5199425616827199,0.5958375950420511,0.07589503335933123,0.07589503335933123
C3_F8_theta_connectivity,0.2371513861985119,0.3128012884210423,0.07564990222253043,0.07564990222253043
O2_P7_delta_connectivity,0.33755841482091414,0.26213728552323184,-0.0754211292976823,0.0754211292976823
F4_F7_alpha_connectivity,0.2730762818691425,0.34847524447696665,0.07539896260782414,0.07539896260782414
C3_Cz_alpha_connectivity,0.5045890935502548,0.5798462210936539,0.07525712754339908,0.07525712754339908
O1_T8_beta_connectivity,0.010930121868556995,0.08572286953809932,0.07479274766954233,0.07479274766954233
P3_O2_alpha_connectivity,0.24861447124378994,0.32324213560791853,0.0746276643641286,0.0746276643641286
Fp1_F3_theta_connectivity,0.6780126200801393,0.752206819222592,0.07419419914245273,0.07419419914245273
T7_Fz_alpha_connectivity,0.20092519340530865,0.2751190944776638,0.07419390107235516,0.07419390107235516
C4_T8_alpha_connectivity,0.5282839738665782,0.6023899931816523,0.0741060193150741,0.0741060193150741
C3_C4_theta_connectivity,0.5129918832690321,0.58707743934255,0.07408555607351786,0.07408555607351786
F3_F8_theta_connectivity,0.34734208716377313,0.42132153406264616,0.07397944689887304,0.07397944689887304
F8_Cz_theta_connectivity,0.29479915417492397,0.3685695678643256,0.07377041368940163,0.07377041368940163
C4_F8_alpha_connectivity,0.28459304588549234,0.3583017868831841,0.07370874099769176,0.07370874099769176
P3_O2_theta_connectivity,0.32901437484696466,0.4022015784190427,0.07318720357207803,0.07318720357207803
P8_Fz_beta_connectivity,-0.08093593072011217,-0.00820842901737937,0.0727275017027328,0.0727275017027328
C4_F7_alpha_connectivity,0.11551381081151965,0.18818575631213916,0.0726719455006195,0.0726719455006195
P4_O2_beta_connectivity,0.565743203724195,0.6384013230537863,0.07265811932959132,0.07265811932959132
F3_F4_theta_connectivity,0.5862882785191013,0.6587831705737173,0.07249489205461601,0.07249489205461601
P4_P7_theta_connectivity,0.243018076941575,0.31516145447458754,0.07214337753301253,0.07214337753301253
Fp2_F3_alpha_connectivity,0.3626039166710491,0.43444394421166127,0.0718400275406122,0.0718400275406122
O1_Fz_delta_connectivity,0.4039434696843659,0.33217858447445353,-0.07176488520991237,0.07176488520991237
T7_Pz_delta_connectivity,0.5488943894592043,0.4772801795062511,-0.0716142099529532,0.0716142099529532
Fp1_Pz_theta_connectivity,0.17347170045556032,0.2450396661002545,0.07156796564469417,0.07156796564469417
Fp2_Pz_beta_connectivity,-0.12898725595152088,-0.05744586035477302,0.07154139559674787,0.07154139559674787
Fp2_O1_alpha_connectivity,-0.16114077945048566,-0.08985329807569607,0.07128748137478959,0.07128748137478959
F4_P7_beta_connectivity,-0.08895148421771916,-0.017773703334798344,0.07117778088292082,0.07117778088292082
O2_T7_theta_connectivity,0.10192936195987666,0.17293010470693898,0.07100074274706232,0.07100074274706232
T8_Fz_theta_connectivity,0.28058527056228194,0.35155272634449286,0.07096745578221092,0.07096745578221092
P3_Pz_theta_connectivity,0.6950558789645473,0.7658368146170058,0.07078093565245847,0.07078093565245847
F4_T8_theta_connectivity,0.4594388223667875,0.5301526472772061,0.07071382491041861,0.07071382491041861
O1_P7_theta_connectivity,0.6351066632734084,0.5644808525437679,-0.07062581072964047,0.07062581072964047
C4_Fz_alpha_connectivity,0.288245264780288,0.3585554288286238,0.07031016404833579,0.07031016404833579
Fp1_F4_delta_connectivity,0.48370296357333886,0.5535537649302357,0.06985080135689681,0.06985080135689681
O2_Fz_alpha_connectivity,-0.13356004331327304,-0.06401884762622743,0.0695411956870456,0.0695411956870456
P3_F7_delta_connectivity,0.4698429483501702,0.40039759611074976,-0.06944535223942044,0.06944535223942044
Fp1_P8_theta_connectivity,0.022092966495693363,0.09128429433246368,0.06919132783677032,0.06919132783677032
frontal_occipital_theta_connectivity,0.08631998752045092,0.15533432889592513,0.06901434137547421,0.06901434137547421
Fp1_O2_theta_connectivity,-0.02063094184141175,0.04832264050511166,0.0689535823465234,0.0689535823465234
T8_Fz_alpha_connectivity,0.1866848079312162,0.2551075350578466,0.06842272712663042,0.06842272712663042
Fp1_P3_theta_connectivity,0.21017651080675573,0.27857254579323193,0.0683960349864762,0.0683960349864762
O2_Fz_beta_connectivity,-0.1334836662449763,-0.06530147955492442,0.06818218669005187,0.06818218669005187
T7_T8_theta_connectivity,0.27322260432969464,0.34121467273888934,0.0679920684091947,0.0679920684091947
F3_F7_theta_connectivity,0.6265527957726444,0.694381413355062,0.06782861758241754,0.06782861758241754
Fp1_Cz_theta_connectivity,0.2380412552906083,0.3058077889406557,0.0677665336500474,0.0677665336500474
T8_P7_theta_connectivity,0.16202814991478828,0.22950047050612482,0.06747232059133654,0.06747232059133654
P8_Fz_theta_connectivity,0.05287920326509936,0.12000122464450992,0.06712202137941056,0.06712202137941056
F4_C4_delta_connectivity,0.7776522504380582,0.7107008016801019,-0.06695144875795633,0.06695144875795633
O1_T8_theta_connectivity,0.08877608613225736,0.1554495060503154,0.06667341991805804,0.06667341991805804
C3_F7_alpha_connectivity,0.34971949167804933,0.41638570875643893,0.0666662170783896,0.0666662170783896
Fp1_P8_alpha_connectivity,-0.0778642948291786,-0.011217321767765314,0.06664697306141329,0.06664697306141329
F3_Pz_delta_connectivity,0.5450926227781425,0.47862507779520297,-0.06646754498293955,0.06646754498293955
Fp1_F7_theta_connectivity,0.7137476476490036,0.6474038438129113,-0.06634380383609229,0.06634380383609229
parietal_occipital_delta_connectivity,0.8451721653161722,0.7794339039818039,-0.06573826133436833,0.06573826133436833
T7_P7_theta_connectivity,0.5629404163606639,0.6284804402556886,0.06554002389502467,0.06554002389502467
Fp1_P4_beta_connectivity,-0.10640321941328254,-0.040943416273850695,0.06545980313943184,0.06545980313943184
C3_F8_alpha_connectivity,0.11957499529383059,0.18472608920506522,0.06515109391123464,0.06515109391123464
C4_Cz_alpha_connectivity,0.5972148077982506,0.6622577184164838,0.0650429106182332,0.0650429106182332
temporal_occipital_theta_connectivity,0.30246407093396593,0.36742865458785146,0.06496458365388552,0.06496458365388552
F3_F8_alpha_connectivity,0.2632388733773077,0.3279185771457314,0.06467970376842369,0.06467970376842369
F8_T7_alpha_connectivity,0.058125606345334875,0.12262429636722355,0.06449869002188868,0.06449869002188868
central_temporal_theta_connectivity,0.6001399142354242,0.6645908626821748,0.06445094844675059,0.06445094844675059
F3_P4_beta_connectivity,-0.020956052046368263,0.04331920079079934,0.0642752528371676,0.0642752528371676
F3_T8_theta_connectivity,0.265632421698989,0.3297943476333455,0.06416192593435649,0.06416192593435649
Fp2_Cz_delta_connectivity,0.5292406148289818,0.465091428566449,-0.06414918626253274,0.06414918626253274
P4_P8_beta_connectivity,0.3695181265357388,0.4334263405056409,0.0639082139699021,0.0639082139699021
F3_Pz_theta_connectivity,0.3111237794359811,0.374593729969205,0.0634699505332239,0.0634699505332239
C3_F7_delta_connectivity,0.6160080829773814,0.5526949070590202,-0.06331317591836116,0.06331317591836116
Fp2_F8_delta_connectivity,0.6911326951141397,0.6278802140849945,-0.06325248102914516,0.06325248102914516
temporal_occipital_delta_connectivity,0.49012263717871296,0.4274654191065067,-0.06265721807220626,0.06265721807220626
Fp1_P7_delta_connectivity,0.4015406000874451,0.3392378574906761,-0.06230274259676899,0.06230274259676899
Fp1_C3_delta_connectivity,0.6011836616442283,0.538908175522792,-0.062275486121436296,0.062275486121436296
P4_Pz_theta_connectivity,0.5519857693504586,0.614253789447276,0.06226802009681742,0.06226802009681742
O1_F8_beta_connectivity,-0.06311360234587969,-0.0010373262193228501,0.06207627612655684,0.06207627612655684
F3_T7_beta_connectivity,0.327976276735745,0.38999379641382476,0.06201751967807978,0.06201751967807978
F7_Fz_beta_connectivity,0.3081954178501965,0.3701694935777359,0.06197407572753938,0.06197407572753938
Fp1_Fp2_delta_connectivity,0.6505886132567826,0.7123884719915352,0.06179985873475258,0.06179985873475258
T8_P7_alpha_connectivity,0.04711597535498657,0.10845102114398907,0.06133504578900249,0.06133504578900249
P8_Pz_delta_connectivity,0.33221279114047725,0.27093827568449524,-0.061274515455982004,0.061274515455982004
T7_T8_alpha_connectivity,0.11080347628590655,0.17200730747364226,0.061203831187735716,0.061203831187735716
F4_T8_beta_connectivity,0.2601704744749985,0.32108911984645594,0.060918645371457414,0.060918645371457414
F4_T7_delta_connectivity,0.32580518706327843,0.3865828459802785,0.060777658917000044,0.060777658917000044
C3_P8_beta_connectivity,-0.0054996331755957605,0.05508713845177106,0.06058677162736682,0.06058677162736682
O1_P7_beta_connectivity,0.40588211600475754,0.46632682976783896,0.060444713763081415,0.060444713763081415
Fp1_Pz_delta_connectivity,0.39188329511098535,0.3315471681494689,-0.06033612696151647,0.06033612696151647
P4_Cz_delta_connectivity,0.6149971056129212,0.6751198168164724,0.06012271120355117,0.06012271120355117
T8_P8_delta_connectivity,0.5994276065644488,0.5393091768024562,-0.060118429761992664,0.060118429761992664
F7_T7_alpha_connectivity,0.44183710210215943,0.5015307889688215,0.0596936868666621,0.0596936868666621
P4_F7_beta_connectivity,-0.0464598144329609,0.01308176015179553,0.05954157458475643,0.05954157458475643
F4_C4_beta_connectivity,0.5959128549725664,0.5363908913247288,-0.05952196364783757,0.05952196364783757
Fp2_F8_beta_connectivity,0.5245364742332911,0.46502157196660293,-0.05951490226668815,0.05951490226668815
C3_P4_delta_connectivity,0.3635356744415088,0.42272175102899306,0.05918607658748426,0.05918607658748426
O1_Pz_theta_connectivity,0.5741717553779444,0.6331471931057395,0.05897543772779512,0.05897543772779512
P4_T7_beta_connectivity,0.06703099057946253,0.12585184523859527,0.05882085465913274,0.05882085465913274
Fp2_C3_theta_connectivity,0.23850243923731312,0.29687392771099824,0.05837148847368512,0.05837148847368512
frontal_central_delta_connectivity,0.7231951167877507,0.664905199372958,-0.058289917414792725,0.058289917414792725
Fp2_P8_delta_connectivity,0.33334558668815256,0.2756765900811997,-0.05766899660695285,0.05766899660695285
Fp1_C4_theta_connectivity,0.2513685568056156,0.30901266138288724,0.05764410457727165,0.05764410457727165
O1_Fz_alpha_connectivity,-0.003970117337824124,0.05359744148934247,0.0575675588271666,0.0575675588271666
Fp1_Fp2_beta_connectivity,0.32969464452414726,0.27228962251226785,-0.057405022011879414,0.057405022011879414
C3_Cz_delta_connectivity,0.49036848296808344,0.5477142932464872,0.0573458102784038,0.0573458102784038
C3_T7_alpha_connectivity,0.6252392531584238,0.6825682047425723,0.057328951584148524,0.057328951584148524
P8_Pz_alpha_connectivity,0.21362631051394837,0.2708120984191103,0.05718578790516193,0.05718578790516193
F3_T8_alpha_connectivity,0.14185070688415546,0.19890600551062212,0.05705529862646666,0.05705529862646666
Fp2_P8_theta_connectivity,0.09996715764269823,0.15684838658908862,0.05688122894639039,0.05688122894639039
P4_O1_theta_connectivity,0.3717639463402069,0.42861281113063643,0.056848864790429554,0.056848864790429554
P4_Pz_alpha_connectivity,0.5556847757868737,0.6124292241181274,0.056744448331253694,0.056744448331253694
Fp2_T8_delta_connectivity,0.49714718435392946,0.4411470679833015,-0.05600011637062796,0.05600011637062796
P4_P7_beta_connectivity,0.09712524261214256,0.15232841705848862,0.055203174446346065,0.055203174446346065
O1_F8_theta_connectivity,-0.01665828142206102,0.038518426162330054,0.05517670758439107,0.05517670758439107
Fp1_F7_alpha_connectivity,0.664631717509837,0.6094755461178829,-0.055156171391954056,0.055156171391954056
F7_T8_alpha_connectivity,0.07306233309089394,0.1276784726188176,0.05461613952792366,0.05461613952792366
F4_C4_theta_connectivity,0.718351884039763,0.6637521149013702,-0.05459976913839282,0.05459976913839282
O2_Pz_theta_connectivity,0.4082346292431514,0.46279416087269803,0.05455953162954663,0.05455953162954663
Fp1_P7_alpha_connectivity,-0.001470068545662829,0.05308671105157425,0.05455677959723708,0.05455677959723708
Fp2_T8_beta_connectivity,0.10681580413685542,0.16130470148759352,0.0544888973507381,0.0544888973507381
Fp1_F4_alpha_connectivity,0.39617380486608766,0.4506517086471805,0.05447790378109285,0.05447790378109285
P4_O1_delta_connectivity,0.42645937287480273,0.3720106067263009,-0.05444876614850186,0.05444876614850186
F3_C3_theta_connectivity,0.7529487202633708,0.6986531709926702,-0.05429554927070057,0.05429554927070057
O2_F7_theta_connectivity,0.008924023706965952,0.0631651469721806,0.05424112326521465,0.05424112326521465
F3_P7_theta_connectivity,0.24926913293079883,0.303242714690487,0.053973581759688194,0.053973581759688194
F8_T7_delta_connectivity,0.26866776341426224,0.32241291349771395,0.05374515008345171,0.05374515008345171
F7_P7_alpha_connectivity,0.14101519660325648,0.194626890945907,0.05361169434265051,0.05361169434265051
Fp1_O2_beta_connectivity,-0.11697972525346095,-0.06361365891996393,0.053366066333497025,0.053366066333497025
F3_Cz_beta_connectivity,0.2702802355471396,0.21697537397210445,-0.05330486157503514,0.05330486157503514
T7_P8_delta_connectivity,0.27776853848501737,0.22454552824944915,-0.05322301023556822,0.05322301023556822
F7_P7_delta_connectivity,0.47143965846520575,0.4183207724381382,-0.05311888602706755,0.05311888602706755
Fp2_T7_delta_connectivity,0.2429079508407976,0.2958791738458509,0.052971223005053275,0.052971223005053275
F3_Fz_delta_connectivity,0.7998709666331607,0.8526965647761148,0.05282559814295407,0.05282559814295407
P3_O1_alpha_connectivity,0.6236166797173076,0.6762943487479256,0.05267766903061799,0.05267766903061799
F7_F8_alpha_connectivity,0.1792687984584617,0.23189934590034414,0.05263054744188245,0.05263054744188245
P7_Fz_delta_connectivity,0.47075037961063326,0.4181574548530921,-0.05259292475754118,0.05259292475754118
Fp1_O1_alpha_connectivity,-0.06301659804314234,-0.010504317728854162,0.05251228031428818,0.05251228031428818
Fp2_F4_delta_connectivity,0.7570013908073334,0.7049216754064329,-0.052079715400900506,0.052079715400900506
P7_Fz_alpha_connectivity,0.013229902826724212,0.06508691548339783,0.05185701265667362,0.05185701265667362
C4_F8_theta_connectivity,0.4093167764791049,0.4610351764318768,0.05171839995277189,0.05171839995277189
Fp1_T8_theta_connectivity,0.20106597584029579,0.25270088569714283,0.051634909856847044,0.051634909856847044
Fp1_O2_alpha_connectivity,-0.13537357107990686,-0.08386946650303317,0.05150410457687368,0.05150410457687368
F8_P7_theta_connectivity,0.06049408897793634,0.1117745803313476,0.05128049135341126,0.05128049135341126
P4_O1_beta_connectivity,0.2323644819202273,0.2835739644384482,0.051209482518220883,0.051209482518220883
parietal_occipital_beta_connectivity,0.6249347140872071,0.6759201009792238,0.050985386892016704,0.050985386892016704
Fp2_C3_beta_connectivity,0.1555917938263803,0.1048896064651861,-0.05070218736119421,0.05070218736119421
P3_F7_theta_connectivity,0.2627473491499099,0.3134078417953774,0.050660492645467514,0.050660492645467514
F7_Fz_delta_connectivity,0.6631033569275874,0.612669868995019,-0.05043348793256841,0.05043348793256841
frontal_parietal_delta_connectivity,0.5311142319328727,0.48075112115578444,-0.050363110777088216,0.050363110777088216
Fp2_O1_beta_connectivity,-0.1082301318531931,-0.0578973948352445,0.0503327370179486,0.0503327370179486
P4_O2_theta_connectivity,0.7149698991792095,0.7650133708297857,0.05004347165057621,0.05004347165057621
C4_T8_delta_connectivity,0.6303640404048668,0.5803886128516424,-0.04997542755322437,0.04997542755322437
F3_C3_alpha_connectivity,0.6290013865468844,0.579057779554732,-0.04994360699215239,0.04994360699215239
Fp2_P7_beta_connectivity,-0.08876265167361395,-0.038916967682342526,0.04984568399127143,0.04984568399127143
P8_Pz_theta_connectivity,0.23603295008753863,0.2857661547634033,0.049733204675864645,0.049733204675864645
F4_C4_alpha_connectivity,0.5744507531358145,0.5248024274875768,-0.049648325648237734,0.049648325648237734
F4_O1_delta_connectivity,0.15079939269986023,0.10136753196671759,-0.04943186073314264,0.04943186073314264
F7_T8_theta_connectivity,0.2086242710298853,0.2577859231933145,0.049161652163429215,0.049161652163429215
Fp1_T8_alpha_connectivity,0.08409405035070892,0.1330548033128431,0.04896075296213419,0.04896075296213419
Fz_Cz_beta_connectivity,0.24562176095403648,0.29451913243688266,0.048897371482846175,0.048897371482846175
O1_F8_alpha_connectivity,-0.09638512457744051,-0.04775008743079839,0.04863503714664213,0.04863503714664213
Fp2_F8_alpha_connectivity,0.6311011401864322,0.5825381861921859,-0.04856295399424626,0.04856295399424626
Fp1_Cz_alpha_connectivity,0.12013439210328175,0.16858511902591355,0.048450726922631804,0.048450726922631804
F3_P7_delta_connectivity,0.5196811807222295,0.47163028508290333,-0.04805089563932613,0.04805089563932613
Fp2_F8_theta_connectivity,0.6675386518430734,0.619539362005594,-0.047999289837479364,0.047999289837479364
P3_O1_delta_connectivity,0.7839936260399383,0.7363996437204943,-0.047593982319444006,0.047593982319444006
T8_P7_beta_connectivity,0.022517184153482115,0.06975992766793312,0.04724274351445101,0.04724274351445101
Fp2_P7_delta_connectivity,0.1093929348628482,0.15623033058118152,0.04683739571833331,0.04683739571833331
Fp1_Fz_delta_connectivity,0.7669639861334628,0.7201980417820865,-0.046765944351376376,0.046765944351376376
Fp2_F7_theta_connectivity,0.3836156504786089,0.4303363343477622,0.04672068386915329,0.04672068386915329
C3_Fz_theta_connectivity,0.5767510463674206,0.6229825541127422,0.04623150774532159,0.04623150774532159
Fp1_Fz_theta_connectivity,0.715490606882464,0.6693381577441097,-0.04615244913835437,0.04615244913835437
O2_F7_alpha_connectivity,-0.09165653845133752,-0.04569129917291545,0.04596523927842207,0.04596523927842207
F3_T7_alpha_connectivity,0.39692437376647993,0.4424121230943992,0.04548774932791927,0.04548774932791927
O2_P8_beta_connectivity,0.39194393511231423,0.4373581759796568,0.04541424086734258,0.04541424086734258
F7_Pz_theta_connectivity,0.19119847615805388,0.23641815294429777,0.04521967678624389,0.04521967678624389
C3_O1_delta_connectivity,0.5724558858871424,0.5275091042426997,-0.04494678164444266,0.04494678164444266
F8_P8_theta_connectivity,0.2072410547804247,0.2521142206890453,0.044873165908620616,0.044873165908620616
F8_P8_delta_connectivity,0.37875370834663724,0.3342098855415758,-0.04454382280506142,0.04454382280506142
F7_F8_theta_connectivity,0.29064619056857366,0.33464061235686254,0.043994421788288884,0.043994421788288884
F7_P8_delta_connectivity,0.1826955716917019,0.13883388765615928,-0.04386168403554261,0.04386168403554261
Fp1_P3_delta_connectivity,0.42166705066454013,0.37824062960831656,-0.043426421056223574,0.043426421056223574
F3_F4_beta_connectivity,0.3753139731857437,0.3319624514622152,-0.04335152172352852,0.04335152172352852
C4_F7_beta_connectivity,0.05355422771285397,0.09652589340127371,0.04297166568841974,0.04297166568841974
frontal_central_beta_connectivity,0.45181456792263053,0.4947851248626553,0.04297055694002477,0.04297055694002477
P7_Pz_alpha_connectivity,0.27283063797297646,0.3157162861369003,0.04288564816392382,0.04288564816392382
P3_T7_theta_connectivity,0.54884043382807,0.5915712786955328,0.042730844867462814,0.042730844867462814
P4_P8_alpha_connectivity,0.49164625590619165,0.5337169753296086,0.04207071942341695,0.04207071942341695
F8_P7_alpha_connectivity,-0.03681431949900134,0.00518095951539867,0.041995279014400005,0.041995279014400005
F3_O1_theta_connectivity,0.16749519173219857,0.20941185450878555,0.04191666277658698,0.04191666277658698
C3_P8_delta_connectivity,0.27954525737528557,0.2379671565310601,-0.041578100844225474,0.041578100844225474
Fp1_Fp2_theta_connectivity,0.6702121880568765,0.711785734271579,0.04157354621470244,0.04157354621470244
C4_O1_delta_connectivity,0.266388961485256,0.22496096135610316,-0.04142800012915282,0.04142800012915282
F4_Cz_alpha_connectivity,0.5271025353029047,0.4857124818594957,-0.041390053443409014,0.041390053443409014
P4_Fz_delta_connectivity,0.22282291067000906,0.2641687835716581,0.04134587290164901,0.04134587290164901
Fp2_Cz_beta_connectivity,0.18021634935307754,0.22141163933285618,0.04119528997977864,0.04119528997977864
F4_P8_delta_connectivity,0.44771355542939445,0.4068997800110838,-0.04081377541831066,0.04081377541831066
O2_T7_beta_connectivity,0.01214073926368883,0.05278148028705515,0.04064074102336632,0.04064074102336632
F4_Cz_delta_connectivity,0.7134565191231154,0.6730276635849004,-0.04042885553821496,0.04042885553821496
F3_P8_beta_connectivity,-0.053484528475556944,-0.013132623231601557,0.04035190524395539,0.04035190524395539
O1_P8_theta_connectivity,0.28874285494370167,0.2484073270913628,-0.040335527852338876,0.040335527852338876
F8_T8_beta_connectivity,0.3540515308418314,0.3942858277752824,0.04023429693345104,0.04023429693345104
Fz_Cz_delta_connectivity,0.40630351504511836,0.44635498871397783,0.04005147366885947,0.04005147366885947
T7_P8_alpha_connectivity,0.05092170661944362,0.09069570621533067,0.03977399959588705,0.03977399959588705
F3_P8_delta_connectivity,0.20137215163532332,0.1616161964916311,-0.039755955143692234,0.039755955143692234
F3_O2_delta_connectivity,0.1667960196127219,0.1271297544767688,-0.03966626513595309,0.03966626513595309
F4_P7_delta_connectivity,0.18207130998614926,0.22169631386063435,0.03962500387448509,0.03962500387448509
C4_T8_theta_connectivity,0.5671426122544925,0.606687550619773,0.0395449383652805,0.0395449383652805
C4_Fz_delta_connectivity,0.40106137904867095,0.4404114113201702,0.03935003227149925,0.03935003227149925
Fp1_T7_delta_connectivity,0.5370079397666992,0.4977202203456447,-0.03928771942105452,0.03928771942105452
T7_Cz_delta_connectivity,0.3389005781251548,0.37790249892786965,0.03900192080271486,0.03900192080271486
F8_T8_delta_connectivity,0.6052784681241969,0.5663942102255685,-0.03888425789862848,0.03888425789862848
F7_P8_alpha_connectivity,-0.03387646207099302,0.004598161763454546,0.038474623834447566,0.038474623834447566
F4_Fz_beta_connectivity,0.44444036710597806,0.4828659813987613,0.03842561429278324,0.03842561429278324
F7_P8_theta_connectivity,0.06533449266116516,0.10322581256199863,0.03789131990083347,0.03789131990083347
F8_T7_beta_connectivity,0.004295212961581574,0.0419207682958873,0.03762555533430573,0.03762555533430573
F7_T8_beta_connectivity,0.0020241970087635634,0.03902800550818316,0.037003808499419595,0.037003808499419595
Fp2_T8_alpha_connectivity,0.18094398789491759,0.21781708077554948,0.0368730928806319,0.0368730928806319
Fp1_C4_alpha_connectivity,0.13378990587251546,0.1706538509706893,0.03686394509817384,0.03686394509817384
Fp2_F7_alpha_connectivity,0.29372907925013864,0.33049192165392866,0.03676284240379002,0.03676284240379002
parietal_occipital_alpha_connectivity,0.7035477098602081,0.7401870630943904,0.036639353234182326,0.036639353234182326
Fp1_T7_alpha_connectivity,0.21434016639750833,0.250895461214558,0.036555294817049694,0.036555294817049694
O1_O2_alpha_connectivity,0.39808113625020913,0.4345773855945842,0.036496249344375065,0.036496249344375065
P4_T7_delta_connectivity,0.27376629740279235,0.310148054827216,0.03638175742442368,0.03638175742442368
O2_F7_beta_connectivity,-0.06766631009216936,-0.03133802415185828,0.03632828594031108,0.03632828594031108
Fp1_O2_delta_connectivity,0.10955251676074614,0.07333823960803595,-0.03621427715271018,0.03621427715271018
Fp1_F3_delta_connectivity,0.7404559844574065,0.7766586286999974,0.0362026442425909,0.0362026442425909
F3_F4_alpha_connectivity,0.5150093212014202,0.5508236261780036,0.035814304976583444,0.035814304976583444
Fp2_O2_delta_connectivity,0.25503302034983905,0.21939550541933303,-0.035637514930506015,0.035637514930506015
Fp1_P8_beta_connectivity,-0.07822032844164115,-0.04287047383045697,0.03534985461118417,0.03534985461118417
T7_P8_theta_connectivity,0.1656883841990012,0.20059284862662952,0.03490446442762832,0.03490446442762832
O1_T8_delta_connectivity,0.18782107660514144,0.15323312151602678,-0.034587955089114664,0.034587955089114664
F3_C3_beta_connectivity,0.6309371140288048,0.5963668868336289,-0.034570227195175884,0.034570227195175884
P3_P7_delta_connectivity,0.7160505782517692,0.6819894478667439,-0.03406113038502534,0.03406113038502534
C4_T7_beta_connectivity,0.11272628817528224,0.14671840486925242,0.033992116693970176,0.033992116693970176
F8_Cz_delta_connectivity,0.4715347552562504,0.43756483747456126,-0.03396991778168912,0.03396991778168912
F3_C3_delta_connectivity,0.7859906796490634,0.7520844853791336,-0.0339061942699298,0.0339061942699298
F4_O2_delta_connectivity,0.3754262170295472,0.3417646135916285,-0.033661603437918686,0.033661603437918686
C3_F8_beta_connectivity,0.1342932164124462,0.16790996849277146,0.033616752080325246,0.033616752080325246
F4_F7_delta_connectivity,0.4118668637379867,0.445236916293478,0.0333700525554913,0.0333700525554913
Fp1_F4_beta_connectivity,0.20582088112190428,0.17256914387471198,-0.0332517372471923,0.0332517372471923
F4_P3_beta_connectivity,0.014454511122887275,0.04760046377403926,0.033145952651151986,0.033145952651151986
F4_Cz_theta_connectivity,0.6415266694520904,0.6084012435779013,-0.033125425874189096,0.033125425874189096
F3_Cz_theta_connectivity,0.45499420161664184,0.48775666820526653,0.032762466588624695,0.032762466588624695
Fp1_C3_alpha_connectivity,0.2791168499946322,0.3118673354832961,0.03275048548866388,0.03275048548866388
F3_C4_beta_connectivity,0.23769298133106115,0.20509496807944771,-0.032598013251613434,0.032598013251613434
T7_Fz_theta_connectivity,0.39490479148687424,0.4273917618187845,0.03248697033191028,0.03248697033191028
O2_F8_delta_connectivity,0.25299373733683667,0.2206019921433341,-0.032391745193502575,0.032391745193502575
F3_F8_delta_connectivity,0.41026663225617754,0.442461402597497,0.032194770341319456,0.032194770341319456
C3_T8_beta_connectivity,0.10602453582557284,0.13818146443150686,0.032156928605934026,0.032156928605934026
Fp2_C3_alpha_connectivity,0.13151601604326152,0.16353627000444076,0.032020253961179246,0.032020253961179246
O2_Fz_delta_connectivity,0.12209751786132812,0.09009321169366742,-0.0320043061676607,0.0320043061676607
F7_Cz_beta_connectivity,0.07436829432559978,0.10621799041934518,0.0318496960937454,0.0318496960937454
T8_Fz_beta_connectivity,0.1095773681407086,0.14137072750452975,0.03179335936382115,0.03179335936382115
F4_P3_delta_connectivity,0.26852766766511926,0.300314271948057,0.031786604282937725,0.031786604282937725
Fp1_P8_delta_connectivity,0.15929661112324467,0.12751313162735392,-0.03178347949589075,0.03178347949589075
F3_C4_theta_connectivity,0.42736813490996867,0.45893146481699876,0.03156332990703009,0.03156332990703009
C4_Pz_delta_connectivity,0.36332933289168956,0.3942974575264991,0.030968124634809524,0.030968124634809524
F4_C3_theta_connectivity,0.45268702436346775,0.483603286470497,0.030916262107029246,0.030916262107029246
F8_T8_alpha_connectivity,0.43622427730879487,0.46686507933355265,0.030640802024757774,0.030640802024757774
F7_T7_delta_connectivity,0.6300112004172348,0.5994311177153072,-0.03058008270192758,0.03058008270192758
Fz_Pz_delta_connectivity,0.5207505144466634,0.49033418992176314,-0.030416324524900284,0.030416324524900284
Fp2_F7_beta_connectivity,0.1464625547583733,0.11629142543225512,-0.03017112932611818,0.03017112932611818
O1_O2_delta_connectivity,0.4407847635703755,0.41074248769353494,-0.030042275876840552,0.030042275876840552
O1_Fz_theta_connectivity,0.1614537641154362,0.19142428568972703,0.029970521574290837,0.029970521574290837
O1_F7_theta_connectivity,0.15531537788824787,0.12557508286478866,-0.029740295023459207,0.029740295023459207
Fp2_P4_delta_connectivity,0.38768537969596983,0.3580875063753346,-0.029597873320635237,0.029597873320635237
C4_P3_delta_connectivity,0.38698835572237733,0.416260225961789,0.02927187023941169,0.02927187023941169
P3_T8_beta_connectivity,0.1023111266647629,0.13132118575559418,0.029010059090831278,0.029010059090831278
F3_P4_delta_connectivity,0.2714259821987184,0.300372486279577,0.028946504080858637,0.028946504080858637
Fp2_C4_theta_connectivity,0.4256833881009553,0.39696053004207915,-0.028722858058876144,0.028722858058876144
Fp2_Pz_delta_connectivity,0.12261604142388488,0.15120365473021802,0.028587613306333137,0.028587613306333137
Fp2_P3_delta_connectivity,0.16544486859829038,0.19391751485492495,0.028472646256634565,0.028472646256634565
P3_T7_delta_connectivity,0.6480440086067973,0.6198151581568642,-0.028228850449933174,0.028228850449933174
frontal_temporal_delta_connectivity,0.6598067478649079,0.6317583956370662,-0.028048352227841744,0.028048352227841744
P3_P4_beta_connectivity,0.29954710329950834,0.3273469397803485,0.027799836480840168,0.027799836480840168
Fp2_C4_beta_connectivity,0.19191932295362665,0.21970351065347263,0.027784187699845975,0.027784187699845975
P4_P8_theta_connectivity,0.5326867428107173,0.5603573842686181,0.02767064145790088,0.02767064145790088
central_temporal_delta_connectivity,0.6804044013084078,0.6527997731936719,-0.027604628114735963,0.027604628114735963
F3_C4_delta_connectivity,0.43068317631545144,0.4582597124052424,0.027576536089790937,0.027576536089790937
C3_Fz_delta_connectivity,0.7105250587727617,0.6830727774258338,-0.027452281346927898,0.027452281346927898
C4_P8_delta_connectivity,0.5421726134818935,0.5151780623571053,-0.026994551124788213,0.026994551124788213
C3_T7_theta_connectivity,0.6540231899300973,0.6810173055189874,0.02699411558889009,0.02699411558889009
O2_F7_delta_connectivity,0.12235239425920724,0.0955313839838067,-0.026821010275400542,0.026821010275400542
P8_Fz_delta_connectivity,0.18292460395425092,0.15612799576949665,-0.026796608184754267,0.026796608184754267
frontal_temporal_theta_connectivity,0.5327635397754586,0.5593872677700757,0.026623727994617097,0.026623727994617097
C4_Cz_theta_connectivity,0.7380965468215179,0.7646132688359749,0.026516722014456984,0.026516722014456984
C3_P3_delta_connectivity,0.7367953732132578,0.7632220203963295,0.02642664718307164,0.02642664718307164
T7_T8_delta_connectivity,0.36272345950060925,0.38885659717253285,0.0261331376719236,0.0261331376719236
C4_F8_delta_connectivity,0.5299079145102863,0.5041507056937309,-0.02575720881655541,0.02575720881655541
O2_T7_delta_connectivity,0.2103465347450027,0.18465867519463675,-0.025687859550365955,0.025687859550365955
P7_Pz_theta_connectivity,0.4162342078758257,0.3906388316788442,-0.02559537619698149,0.02559537619698149
P3_F8_beta_connectivity,0.030044411791151214,0.055532074158779525,0.02548766236762831,0.02548766236762831
central_occipital_delta_connectivity,0.5643018191473533,0.5388423800268186,-0.02545943912053472,0.02545943912053472
P7_Cz_delta_connectivity,0.2453861596940207,0.2706232108811576,0.0252370511871369,0.0252370511871369
F3_O2_beta_connectivity,-0.05943980868004571,-0.03440465525865925,0.025035153421386458,0.025035153421386458
F8_P7_beta_connectivity,-0.03452154098976254,-0.009714651144757752,0.024806889845004787,0.024806889845004787
F8_Fz_theta_connectivity,0.4442959372956033,0.46892983586584197,0.024633898570238677,0.024633898570238677
O1_O2_beta_connectivity,0.2947120074717177,0.31878625114186443,0.02407424367014671,0.02407424367014671
O2_P8_theta_connectivity,0.5965553386282543,0.5726944048610694,-0.0238609337671849,0.0238609337671849
T8_P7_delta_connectivity,0.24511298382361837,0.26843627795907693,0.023323294135458555,0.023323294135458555
central_parietal_delta_connectivity,0.7176645758692136,0.740667715809489,0.023003139940275363,0.023003139940275363
F4_Pz_delta_connectivity,0.22610812263192623,0.24908838695737093,0.0229802643254447,0.0229802643254447
F3_T7_theta_connectivity,0.5298674580309768,0.55254269748468,0.0226752394537032,0.0226752394537032
O1_F8_delta_connectivity,0.09449767505064226,0.07189402719279787,-0.022603647857844383,0.022603647857844383
temporal_parietal_delta_connectivity,0.6618418844196606,0.6393457809862366,-0.02249610343342401,0.02249610343342401
P4_T8_delta_connectivity,0.5193705663086329,0.5416582835571012,0.02228771724846834,0.02228771724846834
T8_Pz_delta_connectivity,0.282683610315501,0.2605922075739588,-0.0220914027415422,0.0220914027415422
Fp1_Cz_beta_connectivity,0.0713589314772436,0.049362271150315405,-0.0219966603269282,0.0219966603269282
O1_Cz_delta_connectivity,0.21825522319070564,0.24022241516291137,0.02196719197220573,0.02196719197220573
O2_Cz_delta_connectivity,0.4994379684355629,0.5212829528616634,0.0218449844261005,0.0218449844261005
Fp2_F7_delta_connectivity,0.41951280826023774,0.4411027919078079,0.021589983647570143,0.021589983647570143
frontal_central_alpha_connectivity,0.4630443334301753,0.48458980131084034,0.021545467880665026,0.021545467880665026
Fp2_T7_beta_connectivity,-0.007504538105257732,0.014003604044363373,0.021508142149621105,0.021508142149621105
O1_P8_alpha_connectivity,0.22564370317024246,0.20413574143577112,-0.021507961734471337,0.021507961734471337
F7_P8_beta_connectivity,-0.043592128996781214,-0.0222218203019143,0.021370308694866915,0.021370308694866915
Fp1_F8_alpha_connectivity,0.30616947385904913,0.32750567402979774,0.02133620017074861,0.02133620017074861
F3_F8_beta_connectivity,0.13061033956534826,0.15190274470205417,0.02129240513670591,0.02129240513670591
Fp1_F8_delta_connectivity,0.4340326589146425,0.4553017248692311,0.021269065954588606,0.021269065954588606
C3_T7_delta_connectivity,0.6967040310160311,0.6756506073534857,-0.021053423662545367,0.021053423662545367
Fp2_F3_beta_connectivity,0.2163687898271521,0.19534818536232598,-0.02102060446482612,0.02102060446482612
T8_Fz_delta_connectivity,0.33341400654448716,0.35422834757251426,0.020814341028027095,0.020814341028027095
F4_P4_delta_connectivity,0.5524282707950114,0.5316296163664991,-0.020798654428512364,0.020798654428512364
C4_Fz_beta_connectivity,0.2403688539741827,0.2611107405728048,0.02074188659862211,0.02074188659862211
O1_F7_alpha_connectivity,-0.01651070460822996,0.00396092513094919,0.02047162973917915,0.02047162973917915
P4_F7_delta_connectivity,0.2132691755614688,0.23326913606505878,0.019999960503589986,0.019999960503589986
Fp1_O1_theta_connectivity,0.10707288140027195,0.12704720689392626,0.019974325493654313,0.019974325493654313
C4_O2_delta_connectivity,0.5148141029164863,0.5343304747199643,0.019516371803477983,0.019516371803477983
Fp1_F7_beta_connectivity,0.5019950328883475,0.4827234699213851,-0.019271562966962363,0.019271562966962363
Fp2_F4_beta_connectivity,0.4920735924726473,0.47299203870095363,-0.019081553771693682,0.019081553771693682
T7_T8_beta_connectivity,0.05719700379041212,0.07618773454793677,0.01899073075752465,0.01899073075752465
C3_C4_delta_connectivity,0.49316711008546155,0.5120647955178279,0.018897685432366362,0.018897685432366362
P3_F8_delta_connectivity,0.1941413067846313,0.21275072058778338,0.01860941380315209,0.01860941380315209
C4_P7_delta_connectivity,0.25699025070552434,0.27559456437174124,0.0186043136662169,0.0186043136662169
F8_Fz_delta_connectivity,0.43657967873025044,0.4550685168902521,0.01848883816000163,0.01848883816000163
F3_P3_delta_connectivity,0.5739503031324378,0.5555194559109177,-0.018430847221520108,0.018430847221520108
O2_Pz_delta_connectivity,0.41584453652821374,0.3975611695496546,-0.018283366978559146,0.018283366978559146
Fp2_Fz_alpha_connectivity,0.49185742975301977,0.47367161647440476,-0.018185813278615015,0.018185813278615015
O2_P7_alpha_connectivity,0.20043675614731285,0.21853374578284626,0.01809698963553341,0.01809698963553341
O1_T7_theta_connectivity,0.3514862700617829,0.33341144106099696,-0.01807482900078594,0.01807482900078594
T7_P8_beta_connectivity,0.014021567190680212,0.031994428805221055,0.01797286161454084,0.01797286161454084
F8_Fz_alpha_connectivity,0.39780068281438485,0.4153207328042787,0.01752004998989387,0.01752004998989387
F3_T8_delta_connectivity,0.35204334824779565,0.3692666829454134,0.017223334697617776,0.017223334697617776
C3_T8_delta_connectivity,0.3559463063052803,0.3729714484209312,0.017025142115650926,0.017025142115650926
P8_Pz_beta_connectivity,0.15946701024880192,0.17642631832113606,0.016959308072334145,0.016959308072334145
F7_F8_beta_connectivity,0.07878781401801042,0.09572957849744977,0.016941764479439347,0.016941764479439347
F7_F8_delta_connectivity,0.3528244501411254,0.3696779769035462,0.0168535267624208,0.0168535267624208
P7_P8_theta_connectivity,0.2898116774142105,0.2731393379605247,-0.01667233945368579,0.01667233945368579
Fp1_P4_delta_connectivity,0.1947488711680926,0.21117532860334404,0.016426457435251424,0.016426457435251424
Fp1_F8_theta_connectivity,0.4066990729894898,0.42296599923488065,0.016266926245390834,0.016266926245390834
F7_T7_theta_connectivity,0.5542223479541168,0.5704345749473537,0.016212226993236878,0.016212226993236878
Fp1_Fp2_alpha_connectivity,0.5511875014850742,0.5672513011177943,0.016063799632720088,0.016063799632720088
F7_Fz_theta_connectivity,0.5661620002339043,0.5505357389414529,-0.01562626129245137,0.01562626129245137
F8_Fz_beta_connectivity,0.26107259046197206,0.24546429954987203,-0.015608290912100031,0.015608290912100031
C3_Cz_beta_connectivity,0.33384053429156385,0.31832107807953264,-0.015519456212031213,0.015519456212031213
C3_F8_delta_connectivity,0.32108878561043147,0.33657798632254216,0.015489200712110684,0.015489200712110684
C3_P7_delta_connectivity,0.6098775470015111,0.5943994956038848,-0.015478051397626258,0.015478051397626258
F7_Fz_alpha_connectivity,0.46766288149211577,0.4827409347606162,0.015078053268500424,0.015078053268500424
C3_F7_theta_connectivity,0.49581645628082943,0.5105268950720302,0.014710438791200764,0.014710438791200764
P7_P8_alpha_connectivity,0.18257861068218145,0.16817296116636635,-0.014405649515815105,0.014405649515815105
Fp1_T8_delta_connectivity,0.2957202530166584,0.31001268862359577,0.014292435606937381,0.014292435606937381
Fp2_Fz_delta_connectivity,0.518781313581069,0.5329231948764954,0.014141881295426373,0.014141881295426373
P3_O2_delta_connectivity,0.37966791147739315,0.3655387851721131,-0.01412912630528007,0.01412912630528007
Fp1_T8_beta_connectivity,0.011366379569498593,0.02491295197921666,0.013546572409718065,0.013546572409718065
T8_Cz_delta_connectivity,0.5364950838281237,0.5230083961751868,-0.013486687652936924,0.013486687652936924
F3_T7_delta_connectivity,0.6368477591827132,0.6235664280845564,-0.013281331098156768,0.013281331098156768
O1_Pz_delta_connectivity,0.7084818264650862,0.6953833747691756,-0.013098451695910618,0.013098451695910618
C4_T7_delta_connectivity,0.35505220189220166,0.3674684177555957,0.012416215863394031,0.012416215863394031
Fp1_F8_beta_connectivity,0.15708357789486632,0.1448979946399891,-0.01218558325487723,0.01218558325487723
Fp2_C4_alpha_connectivity,0.25690749253243966,0.24473708114130885,-0.012170411391130814,0.012170411391130814
O2_P8_alpha_connectivity,0.5464481760159574,0.558564191177827,0.012116015161869553,0.012116015161869553
Fp1_Fz_alpha_connectivity,0.6577729561252801,0.6458624039778554,-0.011910552147424647,0.011910552147424647
P3_P8_alpha_connectivity,0.17517097602087295,0.1870610729171518,0.011890096896278846,0.011890096896278846
F4_C3_alpha_connectivity,0.3146469072684962,0.3263882583546756,0.011741351086179408,0.011741351086179408
F4_C3_delta_connectivity,0.46032594541176153,0.4715734054185503,0.011247460006788779,0.011247460006788779
F4_F8_delta_connectivity,0.6491505086018488,0.6602856903378072,0.0111351817359584,0.0111351817359584
frontal_central_theta_connectivity,0.6038227589711284,0.6148370146776837,0.011014255706555343,0.011014255706555343
Fp2_C3_delta_connectivity,0.3212334519155455,0.3322084338324261,0.010974981916880622,0.010974981916880622
P3_P8_theta_connectivity,0.2647210577693098,0.2756123182430961,0.010891260473786302,0.010891260473786302
T7_Fz_delta_connectivity,0.5664073584012581,0.5558561942274667,-0.010551164173791427,0.010551164173791427
F3_T8_beta_connectivity,0.07112434529599788,0.08166421762511486,0.010539872329116975,0.010539872329116975
P3_T8_delta_connectivity,0.3069690457600951,0.2965977652285095,-0.010371280531585592,0.010371280531585592
F8_P7_delta_connectivity,0.1662523937191544,0.1764880292511658,0.0102356355320114,0.0102356355320114
P3_Pz_delta_connectivity,0.7815634883658268,0.7917588922666182,0.010195403900791433,0.010195403900791433
T7_P7_delta_connectivity,0.6264936901794356,0.6366058831704631,0.010112192991027502,0.010112192991027502
C4_F7_delta_connectivity,0.33926655546421514,0.34934373611648234,0.010077180652267204,0.010077180652267204
F3_C4_alpha_connectivity,0.2917341741160726,0.3017679407322791,0.010033766616206474,0.010033766616206474
O2_P7_beta_connectivity,0.117150828965753,0.10753799479186874,-0.009612834173884269,0.009612834173884269
Fp2_O1_delta_connectivity,0.06155462377034371,0.051997461849138255,-0.009557161921205454,0.009557161921205454
Fp2_P3_beta_connectivity,-0.017658364351496005,-0.008369451787790388,0.009288912563705617,0.009288912563705617
P7_Fz_theta_connectivity,0.2123508303502613,0.22152683097240747,0.009176000622146158,0.009176000622146158
P4_O2_delta_connectivity,0.7925655585683612,0.7834538699888298,-0.009111688579531374,0.009111688579531374
F7_T8_delta_connectivity,0.3151142492940865,0.3239019143711709,0.008787665077084394,0.008787665077084394
Fp2_F4_alpha_connectivity,0.6639085034638492,0.6726906925252929,0.00878218906144368,0.00878218906144368
F4_F7_beta_connectivity,0.12165320965861559,0.13042500207202856,0.008771792413412971,0.008771792413412971
P3_Fz_delta_connectivity,0.5233805140355104,0.5151150119480833,-0.008265502087427157,0.008265502087427157
P3_O1_theta_connectivity,0.7131146339103022,0.7212912258759824,0.008176591965680213,0.008176591965680213
P4_Pz_beta_connectivity,0.4347055078543184,0.44245107711039044,0.00774556925607206,0.00774556925607206
P3_P4_delta_connectivity,0.4601005648946368,0.46780728873854865,0.007706723843911856,0.007706723843911856
Fp1_Fz_beta_connectivity,0.4389166285284975,0.44657068162799374,0.007654053099496239,0.007654053099496239
F3_Cz_delta_connectivity,0.4497396863043795,0.4573084575739111,0.007568771269531593,0.007568771269531593
C3_C4_beta_connectivity,0.276941330114702,0.2841652222437335,0.007223892129031462,0.007223892129031462
Fp1_C3_theta_connectivity,0.457132580173217,0.44993045143498855,-0.007202128738228453,0.007202128738228453
F8_T8_theta_connectivity,0.5436208153519811,0.5503934679898363,0.006772652637855203,0.006772652637855203
Fp1_C4_beta_connectivity,0.06727322053111405,0.06050755708583893,-0.0067656634452751205,0.0067656634452751205
O1_O2_theta_connectivity,0.4581652418996346,0.4649093328147767,0.006744090915142109,0.006744090915142109
P3_O2_beta_connectivity,0.2242328106765033,0.23093067932061953,0.006697868644116228,0.006697868644116228
P4_P7_delta_connectivity,0.3251800525790946,0.31859326775342317,-0.006586784825671432,0.006586784825671432
C3_O2_delta_connectivity,0.2446484790738544,0.25101281541337184,0.00636433633951744,0.00636433633951744
O1_P7_alpha_connectivity,0.5589735060384544,0.5527636628720797,-0.00620984316637474,0.00620984316637474
P3_P8_beta_connectivity,0.11751497454729674,0.11188360225316024,-0.005631372294136502,0.005631372294136502
F8_Pz_delta_connectivity,0.17492941547746887,0.16958120590605158,-0.005348209571417295,0.005348209571417295
P7_P8_beta_connectivity,0.1016292056528255,0.09643741488052628,-0.005191790772299226,0.005191790772299226
Fp2_Fz_theta_connectivity,0.5414375644136057,0.5363953632769164,-0.005042201136689295,0.005042201136689295
Fp1_C4_delta_connectivity,0.34124947062043365,0.34615871120882646,0.004909240588392816,0.004909240588392816
Fp2_Cz_alpha_connectivity,0.2578525355882459,0.26269709092874843,0.004844555340502543,0.004844555340502543
Fp2_T8_theta_connectivity,0.34707725303119025,0.3518969948313795,0.004819741800189237,0.004819741800189237
F7_Cz_delta_connectivity,0.3177050626763292,0.3225174458286946,0.004812383152365429,0.004812383152365429
O2_P7_theta_connectivity,0.27539454346481607,0.27062219752307204,-0.004772345941744027,0.004772345941744027
parietal_occipital_theta_connectivity,0.7784689926546038,0.7737190956688539,-0.004749896985749902,0.004749896985749902
F7_P7_theta_connectivity,0.3066379044515155,0.30189794547194465,-0.004739958979570857,0.004739958979570857
C3_Pz_delta_connectivity,0.6743945885184498,0.669821270341066,-0.004573318177383823,0.004573318177383823
O2_T8_delta_connectivity,0.4201707106201441,0.4157953630618295,-0.004375347558314591,0.004375347558314591
T7_Cz_beta_connectivity,0.1708687894481531,0.17522675908812516,0.004357969639972065,0.004357969639972065
O1_P8_beta_connectivity,0.14275139392562733,0.1384714604461899,-0.00427993347943742,0.00427993347943742
F3_Cz_alpha_connectivity,0.36125584201171657,0.3573725363363419,-0.0038833056753746487,0.0038833056753746487
F4_Cz_beta_connectivity,0.4590433612228168,0.45523942200914813,-0.0038039392136686723,0.0038039392136686723
C4_P4_delta_connectivity,0.6990998187137795,0.7027899620345848,0.003690143320805306,0.003690143320805306
T7_Pz_theta_connectivity,0.38003490535466805,0.38356858852698394,0.0035336831723158935,0.0035336831723158935
Fp2_Cz_theta_connectivity,0.3673934672162772,0.37081899034921073,0.003425523132933539,0.003425523132933539
Fp1_T7_theta_connectivity,0.3866925723679614,0.38339615631136625,-0.0032964160565951417,0.0032964160565951417
Fp1_P7_theta_connectivity,0.1887222345579356,0.19152148298837562,0.002799248430440021,0.002799248430440021
P4_F8_delta_connectivity,0.3624304728647815,0.35980259312291196,-0.0026278797418695654,0.0026278797418695654
F4_T8_delta_connectivity,0.6056535824247544,0.6035040438195189,-0.0021495386052354792,0.0021495386052354792
Fp2_F4_theta_connectivity,0.6996380210151554,0.697666638920616,-0.001971382094539398,0.001971382094539398
O2_Pz_beta_connectivity,0.30777681328251383,0.30943452964302126,0.001657716360507433,0.001657716360507433
Fp1_Cz_delta_connectivity,0.3378754348494757,0.33935416882380715,0.0014787339743314587,0.0014787339743314587
P8_Cz_delta_connectivity,0.48665128233195687,0.48533042061493803,-0.0013208617170188397,0.0013208617170188397
P3_P7_theta_connectivity,0.6203694546627483,0.6215711904925614,0.0012017358298130887,0.0012017358298130887
F3_F7_delta_connectivity,0.7049439647222184,0.703795809929533,-0.0011481547926854851,0.0011481547926854851
C4_Cz_delta_connectivity,0.7666178890120499,0.7673228794160674,0.0007049904040175026,0.0007049904040175026
F4_T7_beta_connectivity,0.07754661262289958,0.07696742891628637,-0.0005791837066132094,0.0005791837066132094
P4_Pz_delta_connectivity,0.4848685768858251,0.48443718958258014,-0.00043138730324493446,0.00043138730324493446
