feature,importance
P4_Cz_beta_connectivity,0.01985241586687807
Cz_Pz_alpha_connectivity,0.014379986673743676
C4_P4_beta_connectivity,0.012467057428476928
P3_Cz_beta_connectivity,0.011969907805646619
P3_Cz_theta_connectivity,0.010827356202513473
O1_Pz_beta_connectivity,0.010440407078981494
P4_Cz_alpha_connectivity,0.010217536701332196
C4_Pz_beta_connectivity,0.008666891787284078
O2_Cz_beta_connectivity,0.008116842421166517
C3_O2_theta_connectivity,0.007790931842163566
P4_Cz_theta_connectivity,0.0075064806468871535
Cz_Pz_beta_connectivity,0.007306614635640184
P3_Cz_alpha_connectivity,0.007274871870689949
P3_Pz_beta_connectivity,0.00701994685639331
C3_P4_alpha_connectivity,0.006874176637237363
C4_Pz_alpha_connectivity,0.006173961327776676
C3_P4_theta_connectivity,0.005887689883632795
C4_O2_beta_connectivity,0.005863549320264824
C4_P3_theta_connectivity,0.005761600343138638
C4_O1_beta_connectivity,0.005553572347417935
O1_P7_theta_connectivity,0.00536464704119442
C4_P4_alpha_connectivity,0.005291824783528484
O2_F8_beta_connectivity,0.005207171025059917
Cz_Pz_theta_connectivity,0.0051682734991702565
C3_P4_beta_connectivity,0.005148582749998092
C4_P3_alpha_connectivity,0.0050651581638609874
C3_Pz_beta_connectivity,0.005013253836544579
C3_O1_beta_connectivity,0.004834738869530895
F4_P3_theta_connectivity,0.004650886883122032
F4_T7_theta_connectivity,0.004644566438296588
F4_P3_alpha_connectivity,0.004633328385576693
C3_P3_beta_connectivity,0.004622016371030822
O1_T7_delta_connectivity,0.00424144048552451
C3_O2_alpha_connectivity,0.00414562819499145
Fp2_P8_alpha_connectivity,0.004098353072827172
T8_Pz_alpha_connectivity,0.004094732099610117
Fp2_F8_theta_connectivity,0.0038188916498677647
O1_P7_delta_connectivity,0.0037638859895797448
F3_P4_theta_connectivity,0.003615557771648222
T8_Fz_theta_connectivity,0.0035973595918150007
Fp2_F8_beta_connectivity,0.0035665253852116626
C3_O2_beta_connectivity,0.0035562083844183907
O1_Pz_alpha_connectivity,0.0035264293660577477
C4_Pz_delta_connectivity,0.0034778698864057285
C4_O2_alpha_connectivity,0.003388760550514847
C4_Pz_theta_connectivity,0.0033691360043982222
F3_O1_beta_connectivity,0.0033299479245288382
P4_O1_beta_connectivity,0.003315264387626206
Fp2_O1_theta_connectivity,0.003259638715135811
O2_Cz_alpha_connectivity,0.0032328560906580745
Fp2_F8_alpha_connectivity,0.0031836009819958657
P3_T8_delta_connectivity,0.0031777823883975356
P4_Fz_alpha_connectivity,0.0031450827803650486
P4_T8_beta_connectivity,0.0030872103918637055
Fp2_T7_alpha_connectivity,0.003065583020290891
F8_Fz_alpha_connectivity,0.0030556581685356647
T8_Pz_beta_connectivity,0.0030501048457580392
O1_Cz_alpha_connectivity,0.003000210882336189
P4_T7_alpha_connectivity,0.002998959019221286
O1_Cz_theta_connectivity,0.002990734890927058
F4_F7_alpha_connectivity,0.002954917738838197
C4_P7_beta_connectivity,0.0029496386989937852
F3_C3_delta_connectivity,0.002907345140954054
F3_Fz_beta_connectivity,0.00286656579258965
F3_C4_beta_connectivity,0.0028585684349690136
O2_Pz_theta_connectivity,0.0027949496174967743
F4_P4_beta_connectivity,0.002794903519913176
O2_Pz_alpha_connectivity,0.002768381894599314
F4_O2_beta_connectivity,0.002759166432737721
P4_P7_beta_connectivity,0.0027531593345650395
C4_P4_theta_connectivity,0.00274999995965727
O1_T8_beta_connectivity,0.002748598166906241
C3_T8_alpha_connectivity,0.0026989650136474753
F4_T7_alpha_connectivity,0.0026972186754759433
P7_Cz_beta_connectivity,0.0026932228087756813
P3_P8_delta_connectivity,0.0026505141623150543
T7_P8_delta_connectivity,0.0026410154713206223
C4_P3_beta_connectivity,0.0026130644891244562
P4_T8_theta_connectivity,0.0026090492644807893
F4_C3_beta_connectivity,0.0025695886336419356
Fp2_O2_beta_connectivity,0.002557343469113813
P7_P8_alpha_connectivity,0.0025443270178172714
T7_P7_delta_connectivity,0.0025264918959864236
F3_Fz_alpha_connectivity,0.0025049993740904088
P8_Cz_beta_connectivity,0.002473417966425992
T7_P8_beta_connectivity,0.0024699919716675615
F3_Fz_theta_connectivity,0.002445913608842195
Fp2_Pz_alpha_connectivity,0.002442917588632311
O1_Cz_beta_connectivity,0.0024282653763355176
P3_O1_beta_connectivity,0.002409469969810454
O1_Fz_beta_connectivity,0.002404123224751611
Fp1_F7_delta_connectivity,0.002403972865455095
Fp2_P4_beta_connectivity,0.0023907790654589846
P3_P4_alpha_connectivity,0.0023841066003800265
Fp1_Fp2_alpha_connectivity,0.00237802299225307
Fp2_P3_theta_connectivity,0.002373869204376574
O1_O2_alpha_connectivity,0.002367427804461725
O2_T8_beta_connectivity,0.0023596975429920008
Fp1_Fp2_beta_connectivity,0.0023535809686246437
F4_C4_theta_connectivity,0.002325939381754552
F4_P4_alpha_connectivity,0.002324188571087421
P4_T8_alpha_connectivity,0.002311449747987058
Fp2_F7_beta_connectivity,0.002306261670166878
Fp2_F4_delta_connectivity,0.0023016000027672717
P3_T7_beta_connectivity,0.0022966095735965555
P3_O2_beta_connectivity,0.0022861068480090245
P3_O2_alpha_connectivity,0.0022833971678260763
Fp2_P4_theta_connectivity,0.0022799264539560054
F4_C4_beta_connectivity,0.0022498323317865867
F7_Cz_delta_connectivity,0.0022288120625080774
C4_T7_alpha_connectivity,0.0022189583069103366
F4_Pz_alpha_connectivity,0.002178578196714679
F3_T8_theta_connectivity,0.0021669434499604653
C4_O2_theta_connectivity,0.0021602951814078484
O1_T7_theta_connectivity,0.002145620393981176
Fp1_P8_delta_connectivity,0.002124456197376554
P3_P7_beta_connectivity,0.0021240558453289185
Fp2_P3_alpha_connectivity,0.0021160012692572443
P3_P8_beta_connectivity,0.0021143977251593354
O2_Cz_theta_connectivity,0.0021022309357988014
P7_Fz_delta_connectivity,0.0020966279695766392
T8_Fz_alpha_connectivity,0.002089434820892448
F3_Fz_delta_connectivity,0.002074133568974536
Fp2_Cz_theta_connectivity,0.0020662199264221918
P3_Pz_alpha_connectivity,0.0020615584598403128
F4_C4_delta_connectivity,0.0020591699997461483
T7_P7_beta_connectivity,0.0020373641797229772
F3_F8_alpha_connectivity,0.002037315620003695
F3_T8_delta_connectivity,0.0020141685629114486
Fp2_Pz_beta_connectivity,0.0020096018576414177
O2_P8_delta_connectivity,0.0019803115134156687
F4_P8_delta_connectivity,0.0019773774129529646
T7_Pz_beta_connectivity,0.0019662547457195887
F4_Fz_alpha_connectivity,0.0019590705782650208
O2_P7_alpha_connectivity,0.0019421719557434112
O2_T7_alpha_connectivity,0.0018698254236630416
C3_P8_alpha_connectivity,0.001868236098212675
O2_T7_theta_connectivity,0.0018616814799693906
Fp2_T8_alpha_connectivity,0.0018523149295701026
Fp2_P4_alpha_connectivity,0.0018468784394431745
F4_O1_beta_connectivity,0.0018373077284934596
O1_P7_alpha_connectivity,0.0018233048277832107
F7_Fz_theta_connectivity,0.0018104477819210522
F3_C4_theta_connectivity,0.0018086421404996075
P4_F7_alpha_connectivity,0.001800957646815365
F3_P4_alpha_connectivity,0.0017943843582866143
P8_Fz_alpha_connectivity,0.0017876996359851409
P3_O2_theta_connectivity,0.0017810124270450146
Fp2_Fz_alpha_connectivity,0.0017790527964619655
P7_Pz_theta_connectivity,0.0017759084654576248
F7_Fz_beta_connectivity,0.0017735545022306584
P3_T7_alpha_connectivity,0.0017727304222811071
Fz_Cz_theta_connectivity,0.0017675342464341494
F3_O1_theta_connectivity,0.0017584406308256946
Fp1_F8_alpha_connectivity,0.0017581306833339958
C3_P8_theta_connectivity,0.0017448418426148735
O1_T8_delta_connectivity,0.0017426188129133957
P3_F8_theta_connectivity,0.0017207688245354578
P3_T8_alpha_connectivity,0.0017142642417504552
P8_Cz_delta_connectivity,0.0017091956965149995
P4_P7_alpha_connectivity,0.0017063977645309343
O2_F7_theta_connectivity,0.0017063754677282723
F3_F4_alpha_connectivity,0.0016922312268193135
F4_T8_theta_connectivity,0.001688595096699684
P8_Fz_delta_connectivity,0.0016858067419354935
F4_F8_theta_connectivity,0.0016817206922332222
P4_O2_theta_connectivity,0.0016779909451777348
Fp1_T7_delta_connectivity,0.0016758575436509261
Fp1_P4_alpha_connectivity,0.0016625819151441076
Fp2_C3_beta_connectivity,0.0016585900160777372
P7_Pz_delta_connectivity,0.0016480452973278094
C3_C4_delta_connectivity,0.0016371506490773997
F3_F4_theta_connectivity,0.001620947010674216
P3_Cz_delta_connectivity,0.0016172218303770335
F4_Cz_alpha_connectivity,0.001610656310940959
F3_P8_alpha_connectivity,0.0016074355327400337
O1_T7_beta_connectivity,0.001603778010856331
O2_F8_alpha_connectivity,0.0016035822195643492
P7_Pz_beta_connectivity,0.0016020759443980054
O1_F7_alpha_connectivity,0.001599348962992494
P4_F7_beta_connectivity,0.0015853717158884222
C3_P8_delta_connectivity,0.0015838591608155694
C4_P7_alpha_connectivity,0.0015748147399864936
P4_O2_alpha_connectivity,0.0015708362906133623
P4_P8_theta_connectivity,0.0015707886916354339
P8_Cz_theta_connectivity,0.0015660700926067818
O1_P8_alpha_connectivity,0.0015648319860250342
Fp2_O1_delta_connectivity,0.001563946800032187
F4_F8_alpha_connectivity,0.0015633320962852334
O1_O2_delta_connectivity,0.001562457812325047
T8_Fz_delta_connectivity,0.0015554797394120247
C3_F7_theta_connectivity,0.0015539222048447
O1_Fz_alpha_connectivity,0.0015414497127593724
F3_P3_beta_connectivity,0.0015342445030747437
C3_Pz_alpha_connectivity,0.0015267776569565644
F4_P7_beta_connectivity,0.0015267044682964498
Fp2_F4_beta_connectivity,0.001523992032509257
P7_P8_beta_connectivity,0.001522727990483904
C3_Pz_theta_connectivity,0.0015218806053041796
Fp1_O2_beta_connectivity,0.0015186993564615286
Fp1_P4_theta_connectivity,0.0015157622708485397
P3_P7_alpha_connectivity,0.0015074565495191241
F3_T8_alpha_connectivity,0.0014999185093790307
P4_Pz_delta_connectivity,0.001495963235972392
C3_F7_alpha_connectivity,0.0014942466071400594
C3_T7_alpha_connectivity,0.0014883554633995924
T8_P8_alpha_connectivity,0.0014867239435757873
T8_Cz_beta_connectivity,0.0014832037440131289
F4_F7_delta_connectivity,0.0014783477755519637
Fp1_T7_beta_connectivity,0.0014737010948409103
P3_P8_theta_connectivity,0.0014634615355840791
O1_P8_beta_connectivity,0.001461655316930803
Fz_Cz_delta_connectivity,0.0014585295484306883
P3_P7_delta_connectivity,0.0014520255931926105
F3_T7_beta_connectivity,0.0014436155426284269
P3_Fz_beta_connectivity,0.0014380740264028186
Fp2_P7_alpha_connectivity,0.0014360932690231512
Fp2_C3_alpha_connectivity,0.0014349013595134192
F3_P8_beta_connectivity,0.0014327550665069657
F8_T8_theta_connectivity,0.0014318302865787243
Fp1_F7_theta_connectivity,0.001431794861492528
F3_F7_beta_connectivity,0.0014309370544839468
C3_O2_delta_connectivity,0.0014263709590994977
Fp1_Fz_delta_connectivity,0.001414256454913316
C4_P4_delta_connectivity,0.0014117677581403072
Fp1_Cz_beta_connectivity,0.001407240645764023
F7_P7_beta_connectivity,0.0014061751677200325
P4_Fz_theta_connectivity,0.0014046885357335388
Fp2_T8_beta_connectivity,0.001404633982571475
F4_Fz_beta_connectivity,0.0014005101089954878
T8_Pz_theta_connectivity,0.0013964483203730293
F8_Fz_beta_connectivity,0.0013899302762419635
F3_O2_theta_connectivity,0.0013890009867023878
O2_P7_beta_connectivity,0.0013842548676350338
F8_T8_delta_connectivity,0.0013815185009592506
Fp2_T8_delta_connectivity,0.0013756255737867502
P3_Fz_alpha_connectivity,0.0013750037480130184
Fp2_F3_alpha_connectivity,0.0013720919222720439
C4_O2_delta_connectivity,0.0013666139450341126
C3_Cz_delta_connectivity,0.0013627055596538646
O1_T8_alpha_connectivity,0.0013625053550065237
C4_T7_beta_connectivity,0.0013555512919149893
T8_P8_theta_connectivity,0.0013408966228090997
T7_T8_alpha_connectivity,0.001333434309368527
P4_T7_theta_connectivity,0.0013294216480279279
P4_O1_theta_connectivity,0.0013291999471212637
P4_Fz_beta_connectivity,0.0013088229527026872
Fp1_F4_theta_connectivity,0.0013062235406441323
F4_P8_beta_connectivity,0.0013031919366040135
F3_Cz_alpha_connectivity,0.0012964604415361648
T7_T8_theta_connectivity,0.001293226486302448
Fz_Cz_alpha_connectivity,0.001290666474151963
F3_T7_delta_connectivity,0.001286611104823858
Fp2_C4_delta_connectivity,0.0012822243389846047
C3_T8_theta_connectivity,0.0012785289774619377
C4_F8_alpha_connectivity,0.0012772705880913036
Fp2_P8_delta_connectivity,0.0012706715463035193
C3_T8_delta_connectivity,0.0012664236315238983
Fp1_T8_beta_connectivity,0.001266419944702291
P3_P4_theta_connectivity,0.001262717407540561
Cz_Pz_delta_connectivity,0.00125375742964704
Fp1_P8_alpha_connectivity,0.0012514215474942834
P8_Cz_alpha_connectivity,0.0012507769529149816
P3_F7_beta_connectivity,0.0012478502071490815
P8_Fz_beta_connectivity,0.0012437910866173552
F3_F8_theta_connectivity,0.0012391720241253484
C4_Cz_delta_connectivity,0.0012383893305144562
F7_F8_theta_connectivity,0.0012361727969155917
C3_P8_beta_connectivity,0.0012345184174394647
Fp1_T7_theta_connectivity,0.0012309392363394403
F7_T7_alpha_connectivity,0.0012236305591002239
P4_Pz_alpha_connectivity,0.0012235078714637408
F8_Fz_theta_connectivity,0.0012229715467561278
F3_T7_alpha_connectivity,0.0012178009038142294
O1_Pz_theta_connectivity,0.0012116435897003594
F8_Cz_beta_connectivity,0.0012115373307054692
Fp2_T7_delta_connectivity,0.001206686565354949
O1_T7_alpha_connectivity,0.0012065808649825262
T7_P7_alpha_connectivity,0.001202808442530114
T7_Pz_theta_connectivity,0.0012004013257417734
C4_Cz_beta_connectivity,0.0011987573878479393
F8_T8_alpha_connectivity,0.0011980063768625483
C4_F7_alpha_connectivity,0.0011965013725590424
P3_O1_alpha_connectivity,0.0011943850828424467
P3_F8_delta_connectivity,0.0011926822761008358
P3_P4_beta_connectivity,0.001191491397204211
T7_Pz_alpha_connectivity,0.0011900108807298354
Fp1_F4_delta_connectivity,0.001188046381762762
Fp1_C3_alpha_connectivity,0.001183722866492621
F3_F4_beta_connectivity,0.001176440112167363
F3_O2_beta_connectivity,0.0011735150125431423
F3_P7_beta_connectivity,0.0011719299276556074
F4_Pz_theta_connectivity,0.0011705595724370848
O1_P8_theta_connectivity,0.0011675043649278178
F8_Cz_delta_connectivity,0.0011667960869577649
Fp1_T7_alpha_connectivity,0.0011516411337561979
F8_P7_alpha_connectivity,0.0011470058244784185
T8_Pz_delta_connectivity,0.0011392660944636041
F3_O2_delta_connectivity,0.001138354478439601
P8_Pz_theta_connectivity,0.0011321803778728524
C3_C4_alpha_connectivity,0.001131692782395192
Fp1_Fz_alpha_connectivity,0.0011286966867618574
C3_P7_delta_connectivity,0.001125711155187238
O2_Fz_beta_connectivity,0.0011216186944585384
F4_C4_alpha_connectivity,0.0011211254879911915
O1_O2_theta_connectivity,0.0011184899773007046
Fp1_F4_alpha_connectivity,0.0011179335543814518
Fp2_T7_beta_connectivity,0.0011067326206565954
Fp1_Fz_theta_connectivity,0.0011014176759851818
Fp1_O2_alpha_connectivity,0.00110094345959419
P7_P8_delta_connectivity,0.001099846114133323
O2_F8_delta_connectivity,0.0010985832913956214
O2_Pz_delta_connectivity,0.0010950621147910833
P3_F7_alpha_connectivity,0.0010945375078263808
F3_Pz_delta_connectivity,0.0010897643707695494
F4_T7_beta_connectivity,0.00108732786884471
F7_Fz_delta_connectivity,0.0010830010853215668
Fp2_F8_delta_connectivity,0.001082331360074531
F4_O1_alpha_connectivity,0.0010793738303282393
C4_T7_delta_connectivity,0.0010776479783175233
Fp1_Fp2_delta_connectivity,0.0010719031208822221
T8_P8_delta_connectivity,0.0010646258728442169
Fp2_P7_theta_connectivity,0.0010619667379387703
P8_Fz_theta_connectivity,0.0010585616496061225
P4_T7_delta_connectivity,0.0010581989630320582
Fp2_Pz_delta_connectivity,0.0010512798084897166
Fz_Pz_delta_connectivity,0.0010469159698771053
F4_O2_theta_connectivity,0.0010445449917084676
O2_T8_delta_connectivity,0.0010444179628428952
Fp1_Fp2_theta_connectivity,0.0010431834724602975
F3_F8_beta_connectivity,0.0010416645955802757
F3_Cz_theta_connectivity,0.001039848928420573
O1_F7_beta_connectivity,0.00103700237963377
C3_Cz_theta_connectivity,0.0010367770207197903
F4_Cz_delta_connectivity,0.001036541109673189
Fp2_P3_beta_connectivity,0.00103328630837205
F4_Pz_delta_connectivity,0.0010326959126317405
Fp2_F7_delta_connectivity,0.0010324816755875774
P3_T8_theta_connectivity,0.0010301850639639657
Fp1_T8_delta_connectivity,0.001029943728044563
P3_F8_alpha_connectivity,0.00102362285417306
O1_O2_beta_connectivity,0.0010233389722650776
P7_Fz_alpha_connectivity,0.0010199108177503218
Fp1_F7_beta_connectivity,0.0010196074339051905
C4_P7_theta_connectivity,0.0010176881533875892
F4_T7_delta_connectivity,0.0010173878969982147
F3_O1_delta_connectivity,0.0010157500041499603
O1_F8_beta_connectivity,0.001010728301190087
F7_P8_delta_connectivity,0.001008422040221596
F4_Fz_theta_connectivity,0.001006914310074384
F8_Cz_alpha_connectivity,0.0009986758785838496
F3_F4_delta_connectivity,0.000991791833551274
F4_F8_beta_connectivity,0.0009893555251577978
C4_Fz_beta_connectivity,0.0009777292128493739
P7_Fz_beta_connectivity,0.0009774473690474293
Fp1_Cz_delta_connectivity,0.0009731273576121394
Fp1_F4_beta_connectivity,0.0009697651210562838
Fp1_C4_beta_connectivity,0.000969322682057601
C4_T8_alpha_connectivity,0.0009662308622274024
P8_Pz_delta_connectivity,0.000965801506414377
P3_Fz_theta_connectivity,0.0009647618878035017
O1_F8_alpha_connectivity,0.0009626221409908378
T7_Cz_alpha_connectivity,0.000957475838782235
O2_Fz_alpha_connectivity,0.000948980722704045
Fp1_O1_beta_connectivity,0.0009459144760168126
Fp2_Cz_beta_connectivity,0.000945613511966272
P4_Cz_delta_connectivity,0.0009453219218335075
F3_P8_theta_connectivity,0.0009439908073796275
F7_T7_delta_connectivity,0.0009428613085350501
O1_Cz_delta_connectivity,0.000937202418600333
F8_P7_theta_connectivity,0.0009370273479194955
F8_T8_beta_connectivity,0.0009261314654916124
F7_F8_alpha_connectivity,0.000924445906480794
P4_Pz_theta_connectivity,0.0009217511981781356
C4_T8_delta_connectivity,0.0009141059104143624
P3_P4_delta_connectivity,0.0009134360891769952
Fp1_C3_delta_connectivity,0.0009133381242701046
F4_O1_theta_connectivity,0.0009118955042634092
F4_F7_beta_connectivity,0.0009112747131528223
C4_O1_alpha_connectivity,0.0009083764513460341
C4_P7_delta_connectivity,0.0009075229507843804
Fp2_P7_delta_connectivity,0.0009036252856219764
F4_P3_beta_connectivity,0.0009008734338741163
P3_O1_delta_connectivity,0.0008993008576364181
O2_T7_beta_connectivity,0.0008971514173239299
Fp1_P7_beta_connectivity,0.0008961755902043879
F3_F8_delta_connectivity,0.0008955982395651765
T8_P7_delta_connectivity,0.0008923420394920215
Fp1_P3_delta_connectivity,0.0008923405729965819
F7_Pz_delta_connectivity,0.0008888089608199359
Fp1_F8_delta_connectivity,0.0008861222377237064
Fp1_P8_beta_connectivity,0.0008852048747167898
F7_F8_delta_connectivity,0.0008814578301413604
C4_F8_delta_connectivity,0.0008807014684915128
F4_Fz_delta_connectivity,0.0008790430254881937
Fp2_Fz_delta_connectivity,0.0008772561488337275
Fp1_T8_alpha_connectivity,0.0008731001396546025
F7_P8_alpha_connectivity,0.0008697161282543477
Fp2_T7_theta_connectivity,0.0008691275285526183
T7_T8_beta_connectivity,0.0008671447538199422
F4_T8_beta_connectivity,0.0008663692334090499
Fp2_C3_delta_connectivity,0.0008626950576711626
Fp2_F4_theta_connectivity,0.0008606626990167936
P3_O2_delta_connectivity,0.0008594941384324977
O2_Cz_delta_connectivity,0.0008592631869354287
C4_T7_theta_connectivity,0.0008591816760088327
C3_F7_beta_connectivity,0.0008548359355454769
Fp2_P8_theta_connectivity,0.0008540328732221499
Fp1_F8_beta_connectivity,0.0008517845892433222
Fp2_F7_theta_connectivity,0.0008501186480802305
P3_F7_theta_connectivity,0.0008499123915921946
F7_Cz_alpha_connectivity,0.0008483219434796172
P3_Pz_delta_connectivity,0.000844425242363855
T7_Fz_beta_connectivity,0.0008444177375935793
P4_P7_theta_connectivity,0.0008434379711193479
Fp1_P7_delta_connectivity,0.000838400125906599
O2_P8_beta_connectivity,0.0008349384881037407
F7_T8_alpha_connectivity,0.0008336210008528218
C4_F7_delta_connectivity,0.0008299690693486928
Fp2_C4_alpha_connectivity,0.0008298246432996442
Fp2_F7_alpha_connectivity,0.0008286430261419684
P4_P8_delta_connectivity,0.0008274844185099715
Fp2_Cz_alpha_connectivity,0.000825788123282756
Fp2_F3_theta_connectivity,0.0008256110676019112
P4_F7_theta_connectivity,0.0008245150066324206
C3_T7_delta_connectivity,0.000824378358459401
F3_C4_alpha_connectivity,0.0008231948191423369
F8_Pz_delta_connectivity,0.0008194289178409513
P3_P7_theta_connectivity,0.00081770857980317
F4_T8_delta_connectivity,0.0008117998830287633
O2_Pz_beta_connectivity,0.0008115334589126757
F3_Pz_beta_connectivity,0.0008044738747937538
P4_F8_theta_connectivity,0.0008035856892433683
O2_F7_beta_connectivity,0.0008028229278311252
Fp1_P3_theta_connectivity,0.0008013925639443503
C3_P3_alpha_connectivity,0.0007997209141137226
C3_Fz_theta_connectivity,0.000799543583138175
F3_Cz_beta_connectivity,0.000795654181829938
F4_Cz_theta_connectivity,0.0007937971958678229
C3_Cz_alpha_connectivity,0.0007924791990522822
O1_F8_theta_connectivity,0.0007895326444925709
Fp1_F7_alpha_connectivity,0.0007841788455069312
Fp1_T8_theta_connectivity,0.0007819101500415104
T8_Cz_alpha_connectivity,0.0007817125756082948
P4_F8_alpha_connectivity,0.0007805842718665696
T8_P7_alpha_connectivity,0.0007782023509032719
F4_P8_alpha_connectivity,0.0007769192669954481
C3_O1_alpha_connectivity,0.0007753672567733029
C3_F8_delta_connectivity,0.0007748607173272251
P7_Fz_theta_connectivity,0.000767374056417616
T7_Pz_delta_connectivity,0.0007671263735737983
Fp2_P7_beta_connectivity,0.0007652378743759813
P4_P8_alpha_connectivity,0.0007639598177611735
C4_F8_theta_connectivity,0.0007623995421587775
C3_F8_beta_connectivity,0.0007568592386228186
O2_Fz_delta_connectivity,0.000753686926918318
F7_P7_alpha_connectivity,0.0007508348743524145
Fp2_F3_beta_connectivity,0.0007506728557378094
P3_Fz_delta_connectivity,0.0007491607921743431
C3_P7_alpha_connectivity,0.0007451980288930722
Fp1_O1_delta_connectivity,0.0007429422779641426
C3_P3_theta_connectivity,0.0007374326002899277
Fz_Pz_theta_connectivity,0.0007343858718365724
C4_P8_beta_connectivity,0.0007339927320180017
F7_T8_theta_connectivity,0.0007334892827854015
P3_T7_delta_connectivity,0.0007271719170539346
Fp2_O2_theta_connectivity,0.0007261109543279539
O2_T7_delta_connectivity,0.0007214706152430649
F3_Cz_delta_connectivity,0.0007214109963310571
C3_Cz_beta_connectivity,0.0007180825906252899
C4_P8_alpha_connectivity,0.000716907112364837
Fp1_Cz_theta_connectivity,0.0007152921452889247
C3_P4_delta_connectivity,0.0007152738723611398
F7_Fz_alpha_connectivity,0.0007131513426981465
C3_T7_theta_connectivity,0.0007126222294612616
T7_P8_alpha_connectivity,0.0007124815879518228
O1_F7_delta_connectivity,0.0007099694730375631
C4_T8_beta_connectivity,0.00070922080799724
T8_Fz_beta_connectivity,0.0007064034067658289
Fz_Cz_beta_connectivity,0.0007054154524973857
C4_P8_delta_connectivity,0.0007016349541821543
C3_C4_theta_connectivity,0.0007003642972756776
O2_T8_alpha_connectivity,0.0006961635682643909
P4_F8_delta_connectivity,0.0006959081906376007
Fp1_C4_alpha_connectivity,0.000691751418711961
F4_T8_alpha_connectivity,0.0006856565518682154
F7_P7_theta_connectivity,0.0006850048812971364
P3_P8_alpha_connectivity,0.0006826680002260198
F3_Pz_alpha_connectivity,0.0006821082405441989
P4_F7_delta_connectivity,0.0006792393710301832
Fp2_T8_theta_connectivity,0.0006748445766868793
Fp1_F8_theta_connectivity,0.0006746356745619905
P4_O2_delta_connectivity,0.0006736458518833633
P3_F8_beta_connectivity,0.0006711459581464262
P4_O2_beta_connectivity,0.0006705875164648605
F8_Pz_beta_connectivity,0.0006680754132251492
Fp2_O1_alpha_connectivity,0.0006600580445259608
F4_F8_delta_connectivity,0.000654183500929823
T7_Fz_theta_connectivity,0.00065351995820946
T7_Fz_delta_connectivity,0.0006534961052085581
F3_T8_beta_connectivity,0.0006514880665986135
Fp2_F3_delta_connectivity,0.0006477119984287772
F7_T8_beta_connectivity,0.0006451833144130315
C3_O1_theta_connectivity,0.0006415771366486296
O1_P8_delta_connectivity,0.0006404514006171796
C3_P3_delta_connectivity,0.0006377857480137357
F4_Cz_beta_connectivity,0.0006332082222752531
F4_O2_delta_connectivity,0.0006317404035200849
P8_Pz_alpha_connectivity,0.0006312312390391382
P3_T7_theta_connectivity,0.0006280630835386041
C4_O1_theta_connectivity,0.0006274688885331389
Fp1_O1_alpha_connectivity,0.0006237897958536699
F7_T7_theta_connectivity,0.0006197730395906442
C3_Pz_delta_connectivity,0.0006184976448600005
C4_Fz_alpha_connectivity,0.0006178506780536966
F3_P8_delta_connectivity,0.0006162817252481709
F3_T7_theta_connectivity,0.0006153569807787828
F4_P8_theta_connectivity,0.0006151911099985739
F7_Pz_alpha_connectivity,0.0006145475502563145
F4_P4_delta_connectivity,0.0006106003108241378
Fp1_Fz_beta_connectivity,0.0006037798244348358
O2_F8_theta_connectivity,0.0006032623005545921
F4_P4_theta_connectivity,0.0006021615417037376
F4_C3_delta_connectivity,0.0005983210149666091
Fp1_P4_delta_connectivity,0.0005929208235231265
Fp1_Pz_alpha_connectivity,0.0005923054660718259
Fp2_Pz_theta_connectivity,0.0005892216507517102
F7_P8_theta_connectivity,0.0005890467887183889
C4_F8_beta_connectivity,0.0005882916565526366
F3_P4_delta_connectivity,0.0005871372904303427
Fp1_F3_delta_connectivity,0.0005850331964728211
Fp1_O1_theta_connectivity,0.000584635980884246
O1_F8_delta_connectivity,0.0005819917581961933
O2_F7_delta_connectivity,0.000578760892845431
P4_Pz_beta_connectivity,0.0005767851156925892
Fp1_F3_beta_connectivity,0.0005753913491085868
F4_C3_theta_connectivity,0.0005743160398608525
Fp1_C3_theta_connectivity,0.0005741193111133511
Fp1_Pz_beta_connectivity,0.0005738356990649489
C4_P8_theta_connectivity,0.0005701625268637038
C3_Fz_beta_connectivity,0.0005667588020997674
F3_C3_beta_connectivity,0.0005578621835197595
F7_F8_beta_connectivity,0.000557145500807566
O2_F7_alpha_connectivity,0.0005565794012077376
Fp1_Pz_theta_connectivity,0.0005554025527921376
O1_Pz_delta_connectivity,0.0005500610295790116
F7_Cz_theta_connectivity,0.0005495678846477065
O2_T8_theta_connectivity,0.0005495026581908174
F8_T7_delta_connectivity,0.000544496928022761
Fp1_F3_alpha_connectivity,0.0005415710152856112
F8_P8_beta_connectivity,0.0005397395852455939
F4_P7_alpha_connectivity,0.000532397564482234
F8_P7_beta_connectivity,0.0005302441873220431
Fp2_C4_beta_connectivity,0.0005279017075049834
C4_P3_delta_connectivity,0.0005274142877140253
P4_P7_delta_connectivity,0.0005196898132884716
Fp1_P7_alpha_connectivity,0.0005155810679669058
P4_O1_alpha_connectivity,0.0005153639557639466
Fp2_C3_theta_connectivity,0.0005052318792647315
O2_P8_alpha_connectivity,0.0004999235781973003
T8_P7_beta_connectivity,0.0004996178755048488
C3_T7_beta_connectivity,0.0004990132398584281
C4_F7_beta_connectivity,0.000493912379471106
Fp1_C3_beta_connectivity,0.000486638975090258
C3_Fz_alpha_connectivity,0.00048340741241557206
Fp2_F4_alpha_connectivity,0.0004794848925195611
Fp1_F3_theta_connectivity,0.00047779114317779035
C3_F8_theta_connectivity,0.0004771881232682864
Fp2_O2_delta_connectivity,0.0004719421870914565
F7_Pz_theta_connectivity,0.00047188383157990214
F7_P7_delta_connectivity,0.00046574220037471275
Fp1_O2_delta_connectivity,0.0004610367157417571
Fp1_P3_alpha_connectivity,0.00045964651699635244
P3_O1_theta_connectivity,0.00045777781485118883
C4_Cz_alpha_connectivity,0.0004532214204815622
F4_P3_delta_connectivity,0.00044985707511269033
O2_P7_theta_connectivity,0.0004495427885451489
F3_C3_alpha_connectivity,0.00044584087070781675
O2_P8_theta_connectivity,0.00044112402623975965
F3_F7_alpha_connectivity,0.0004385691972052266
F8_T7_alpha_connectivity,0.0004360404072398373
Fp2_O1_beta_connectivity,0.00043535497377986365
T7_Cz_theta_connectivity,0.0004291365706493927
Fp2_O2_alpha_connectivity,0.00041740166991500956
Fp2_P8_beta_connectivity,0.00041568645539816565
P4_F8_beta_connectivity,0.000410908897801182
F3_P3_delta_connectivity,0.0004108192790592008
F3_Pz_theta_connectivity,0.0004081496141081991
C3_C4_beta_connectivity,0.0003926493468421636
C3_T8_beta_connectivity,0.0003868453699863349
Fp1_P4_beta_connectivity,0.0003866360464445846
O1_Fz_theta_connectivity,0.0003865207563032782
Fp1_Pz_delta_connectivity,0.0003835689768468595
F3_C3_theta_connectivity,0.00037980596431681145
P4_O1_delta_connectivity,0.00037960417250344303
F4_C3_alpha_connectivity,0.0003794639897100608
T7_Cz_delta_connectivity,0.0003786483477563561
Fp2_Cz_delta_connectivity,0.00037356741994609433
P7_P8_theta_connectivity,0.00037151540748783975
Fp2_C4_theta_connectivity,0.00036916690105892163
F3_P3_theta_connectivity,0.0003690757209851395
P4_T7_beta_connectivity,0.0003656970053643587
P3_Pz_theta_connectivity,0.0003652293490640043
P3_F7_delta_connectivity,0.00036520425326319383
O2_P7_delta_connectivity,0.00036304734423556656
Fp1_P3_beta_connectivity,0.0003566360727522789
T8_P8_beta_connectivity,0.00035325860184543434
C3_F8_alpha_connectivity,0.0003445144299336803
F3_P7_alpha_connectivity,0.00034248894125010775
F7_P8_beta_connectivity,0.0003394453890299469
F3_C4_delta_connectivity,0.0003389403695063806
O1_F7_theta_connectivity,0.000336932139284562
F3_O2_alpha_connectivity,0.00033567992770368126
F7_Cz_beta_connectivity,0.00033190521255149806
C3_F7_delta_connectivity,0.0003222726255230497
T8_P7_theta_connectivity,0.0003208274714505639
Fp2_P4_delta_connectivity,0.00031633167012413516
F8_P8_alpha_connectivity,0.000312173046908576
Fp2_Fz_theta_connectivity,0.0003119421613290174
F3_P7_theta_connectivity,0.00030504009616093443
Fp1_P8_theta_connectivity,0.00030351199170909653
F4_O1_delta_connectivity,0.00029601303788631315
F8_P7_delta_connectivity,0.0002951810161708974
Fz_Pz_alpha_connectivity,0.00029229023133318715
F4_Pz_beta_connectivity,0.0002912880914627326
P7_Cz_delta_connectivity,0.00028551843786882183
P7_Cz_alpha_connectivity,0.0002851401006018803
F8_P8_delta_connectivity,0.0002786006296389857
F8_Fz_delta_connectivity,0.0002726372638073055
F7_T8_delta_connectivity,0.0002717485160813316
C4_T8_theta_connectivity,0.00026281117614344895
P4_Fz_delta_connectivity,0.0002586249356348088
Fp1_O2_theta_connectivity,0.00024879577137682207
P7_Pz_alpha_connectivity,0.0002478212663530434
O2_Fz_theta_connectivity,0.0002445379971892711
F8_P8_theta_connectivity,0.00024308358382989987
T7_Cz_beta_connectivity,0.00023180792815309827
F3_F7_theta_connectivity,0.0002298881081308523
P4_T8_delta_connectivity,0.0002244396871791207
F3_P4_beta_connectivity,0.0002237336504161713
P8_Pz_beta_connectivity,0.0002124975572365017
P7_Cz_theta_connectivity,0.000212496493518865
F3_F7_delta_connectivity,0.0002032667876588022
F4_F7_theta_connectivity,0.0001972899403468451
F3_P3_alpha_connectivity,0.00019170949415666516
O1_P7_beta_connectivity,0.0001911165144452705
P4_P8_beta_connectivity,0.0001878986691970514
Fp2_P3_delta_connectivity,0.0001826126581263563
Fp1_C4_theta_connectivity,0.0001794861479012679
C3_P7_beta_connectivity,0.00017788358324019924
T7_T8_delta_connectivity,0.0001737275811924383
C3_Fz_delta_connectivity,0.0001711650324901394
Fp2_Fz_beta_connectivity,0.00016674561819043105
F4_P7_theta_connectivity,0.0001650472469711729
F8_T7_theta_connectivity,0.0001639239290516745
O1_Fz_delta_connectivity,0.00015814908617975228
C4_Cz_theta_connectivity,0.00015548687279213244
T8_Cz_theta_connectivity,0.00015427459544112895
F3_P7_delta_connectivity,0.00015108204238503757
C3_P7_theta_connectivity,0.00015075833754851816
T8_Cz_delta_connectivity,0.0001471806520247117
F7_T7_beta_connectivity,0.000140953493866805
F7_Pz_beta_connectivity,0.0001336923219756754
Fp1_P7_theta_connectivity,0.00013123718386876278
F4_P7_delta_connectivity,0.00013055539926836658
F8_Pz_alpha_connectivity,0.00012385467654456986
F3_O1_alpha_connectivity,0.00012131366419537296
C4_Fz_delta_connectivity,0.00011768928936668336
F8_Pz_theta_connectivity,0.00010835643218050441
Fz_Pz_beta_connectivity,0.0001045372050816697
Fp1_C4_delta_connectivity,8.281846930544003e-05
C4_O1_delta_connectivity,8.218453520522634e-05
T7_P8_theta_connectivity,8.11748998664887e-05
T7_P7_theta_connectivity,6.537530266343834e-05
C4_Fz_theta_connectivity,6.525125607343579e-05
Fp1_Cz_alpha_connectivity,6.493343300465693e-05
P3_T8_beta_connectivity,6.416445707404165e-05
F4_O2_alpha_connectivity,5.4048019440213384e-05
C3_O1_delta_connectivity,4.401881280213814e-05
T7_Fz_alpha_connectivity,4.3706559019030635e-05
O1_T8_theta_connectivity,4.145608086494779e-05
C4_F7_theta_connectivity,2.796116504854367e-05
F8_Cz_theta_connectivity,0.0
F8_T7_beta_connectivity,0.0
