feature,feature_level,band,node_1,node_2,n_ADHD,n_Control,ADHD_mean_r,Control_mean_r,mean_difference_r,ADHD_median_r,Control_median_r,ADHD_mean_z,Control_mean_z,U_statistic,p_value,cohen_d_z,abs_cohen_d_z,rank_biserial,abs_rank_biserial,p_fdr_all,p_fdr_within_level,p_fdr_within_level_band,significant_uncorrected,significant_fdr_all,significant_fdr_within_level,significant_fdr_within_level_band,direction
C3_P3_beta_connectivity,channel,beta,C3,P3,61,60,0.46391506734159654,0.15683966705323457,0.307075400288362,0.4565630655872785,0.18972570113459242,0.5299347790669844,0.17652553171011787,2943.0,8.056655361167927e-09,1.1474357864407252,1.1474357864407252,0.6081967213114754,0.6081967213114754,5.833018481485579e-06,5.510752267038862e-06,1.3776880667597156e-06,True,True,True,True,ADHD > Control
F4_C3_beta_connectivity,channel,beta,F4,C3,61,60,-0.2490985523815704,-0.04066657621648614,-0.20843197616508424,-0.2514328507012889,-0.0557103718376058,-0.26074747531417475,-0.042509960861459875,877.0,7.900119190546977e-07,-1.095047507814059,1.095047507814059,-0.5207650273224044,0.5207650273224044,7.74205367246215e-05,7.314315900502914e-05,1.8285789751257286e-05,True,True,True,True,Control > ADHD
F3_Cz_beta_connectivity,channel,beta,F3,Cz,61,60,-0.20010385663485478,0.021930708163277336,-0.2220345647981321,-0.2029156810640102,0.035559234930310255,-0.2093760373643125,0.023637976031431772,870.0,6.554901738160112e-07,-1.0736321552172103,1.0736321552172103,-0.5245901639344263,0.5245901639344263,7.74205367246215e-05,7.314315900502914e-05,1.8285789751257286e-05,True,True,True,True,Control > ADHD
P4_Cz_beta_connectivity,channel,beta,P4,Cz,61,60,0.2510008890775177,0.055134461501053236,0.1958664275764645,0.2574547046313709,0.049499766544187,0.2638978099835317,0.05754441265177106,2854.0,1.1212628969512715e-07,1.0707327335871655,1.0707327335871655,0.5595628415300546,0.5595628415300546,4.0589716869636034e-05,3.834719107573349e-05,9.586797768933372e-06,True,True,True,True,ADHD > Control
C3_Cz_beta_connectivity,channel,beta,C3,Cz,61,60,-0.1442103470384841,0.06278496049498768,-0.20699530753347178,-0.1386766026370055,0.0609760413761026,-0.1511917808879863,0.0657972949368015,835.0,2.528883609341912e-07,-1.0346533247884036,1.0346533247884036,-0.5437158469945356,0.5437158469945356,6.103039110545148e-05,5.7658546292995604e-05,1.4414636573248901e-05,True,True,True,True,Control > ADHD
F3_C4_beta_connectivity,channel,beta,F3,C4,61,60,-0.2726515764748715,-0.07008563369162754,-0.20256594278324394,-0.2551925067703679,-0.07831468398715845,-0.2877862602717782,-0.07503175362118059,880.0,8.554755439184695e-07,-1.0199465903862646,1.0199465903862646,-0.5191256830601093,0.5191256830601093,7.74205367246215e-05,7.314315900502914e-05,1.8285789751257286e-05,True,True,True,True,Control > ADHD
O2_Cz_beta_connectivity,channel,beta,O2,Cz,61,60,0.049408585705261784,-0.12470156991026289,0.17411015561552468,0.0385392075076088,-0.1408972192715918,0.05140224665917307,-0.1302497799901203,2754.0,1.6888770852951768e-06,0.9532766505241214,0.9532766505241214,0.5049180327868852,0.5049180327868852,0.0001222747009753708,0.0001155191926341901,2.8879798158547524e-05,True,True,True,True,ADHD > Control
P3_F8_beta_connectivity,channel,beta,P3,F8,61,60,-0.36542408783861574,-0.23368546697932516,-0.13173862085929058,-0.3714324907297444,-0.2180258756545935,-0.39401500356908775,-0.24324086235916803,904.0,1.6037849693642487e-06,-0.9451383857777845,0.9451383857777845,-0.5060109289617487,0.5060109289617487,0.0001222747009753708,0.0001155191926341901,2.8879798158547524e-05,True,True,True,True,Control > ADHD
C4_O2_beta_connectivity,channel,beta,C4,O2,61,60,0.08493622105708745,-0.13352086072024166,0.21845708177732912,0.0764086100945781,-0.17598849967413788,0.0885830578287914,-0.1424019495367009,2741.0,2.3574238787943404e-06,0.9360795890832727,0.9360795890832727,0.4978142076502732,0.4978142076502732,0.00015516135347700931,0.00014658890300866625,3.6647225752166564e-05,True,True,True,True,ADHD > Control
C4_P4_beta_connectivity,channel,beta,C4,P4,61,60,0.4642058437291594,0.19118778259890518,0.27301806113025423,0.5032722139655904,0.17477269519321276,0.5427573474612398,0.22368663681571502,2795.0,5.732212422068595e-07,0.9342076379969132,0.9342076379969132,0.5273224043715847,0.5273224043715847,7.74205367246215e-05,7.314315900502914e-05,1.8285789751257286e-05,True,True,True,True,ADHD > Control
C3_C4_beta_connectivity,channel,beta,C3,C4,61,60,-0.2713391428978044,-0.0935781455267651,-0.17776099737103931,-0.2794900415732222,-0.09246399022545346,-0.2884449858179479,-0.09793263385498527,855.0,4.3750965108587486e-07,-0.9284483371925635,0.9284483371925635,-0.5327868852459017,0.5327868852459017,7.74205367246215e-05,7.314315900502914e-05,1.8285789751257286e-05,True,True,True,True,Control > ADHD
Fp2_C3_beta_connectivity,channel,beta,Fp2,C3,61,60,-0.2671952388719955,-0.11379335293044943,-0.15340188594154605,-0.2649748553487409,-0.13506117124679257,-0.28128176445596154,-0.11768590274611503,976.0,9.662261999081527e-06,-0.9256212253615026,0.9256212253615026,-0.4666666666666667,0.4666666666666667,0.00041149868749029565,0.0004130617004607353,0.00011801762870306722,True,True,True,True,Control > ADHD
Fp1_F3_alpha_connectivity,channel,alpha,Fp1,F3,61,60,0.7055696550462083,0.4967366677710338,0.20883298727517446,0.746213557442648,0.54053806886034,0.9532108230810351,0.6145858960748048,2716.0,4.422137024409182e-06,0.9244638499600394,0.9244638499600394,0.4841530054644809,0.4841530054644809,0.0002462790158209422,0.0002326724403612216,0.0007561854311739702,True,True,True,True,ADHD > Control
C3_O1_beta_connectivity,channel,beta,C3,O1,61,60,0.03712407382753887,-0.1482703633390385,0.18539443716657739,0.0197719143731144,-0.15995495757933997,0.03832131723100943,-0.1586076785405749,2730.0,3.115365208192439e-06,0.9207162570809378,0.9207162570809378,0.4918032786885247,0.4918032786885247,0.00018796036756094382,0.00017757581686696903,4.4393954216742256e-05,True,True,True,True,ADHD > Control
Fp1_F3_beta_connectivity,channel,beta,Fp1,F3,61,60,0.5536112836780517,0.3247621184681015,0.2288491652099502,0.5544547809980317,0.36510779868116594,0.6971636374164181,0.3694745889781806,2689.0,8.566381101763486e-06,0.895440524154626,0.895440524154626,0.46939890710382515,0.46939890710382515,0.00041149868749029565,0.0004130617004607353,0.00011268085910781202,True,True,True,True,ADHD > Control
Fp1_F3_theta_connectivity,channel,theta,Fp1,F3,61,60,0.7032068459402934,0.5123863699568232,0.19082047598347018,0.7501527210504253,0.5649510538611999,0.9510855806677523,0.6338168867073342,2684.0,9.662261999081527e-06,0.8678396789224455,0.8678396789224455,0.46666666666666656,0.46666666666666656,0.00041149868749029565,0.0004130617004607353,0.0011808879981523612,True,True,True,True,ADHD > Control
central_parietal_beta_connectivity,regional,beta,central,parietal,61,60,-0.1503473372354771,-0.3368671504551731,0.18651981321969602,-0.138396239070823,-0.3336256854648946,-0.15824204297146224,-0.3808659281804214,2692.0,7.966985433144781e-06,0.8676145008194314,0.8676145008194314,0.4710382513661202,0.4710382513661202,0.00041149868749029565,0.0002230882603203842,7.96698543314478e-05,True,True,True,True,ADHD > Control
central_parietal_theta_connectivity,regional,theta,central,parietal,61,60,-0.14357123184017173,-0.33279664783163326,0.18922541599146153,-0.1384465367556082,-0.3654432726757017,-0.15291576581489713,-0.36726227960565383,2678.0,1.115441301601921e-05,0.8625602159192076,0.8625602159192076,0.46338797814207644,0.46338797814207644,0.0004352984596441212,0.0002230882603203842,0.0001115441301601921,True,True,True,True,ADHD > Control
P3_T8_beta_connectivity,channel,beta,P3,T8,61,60,-0.29485264416426815,-0.1597460555483648,-0.13510658861590336,-0.2887640175832019,-0.11465197463603674,-0.31282724026285796,-0.16635495842981168,997.0,1.5907531560894787e-05,-0.8534120727658101,0.8534120727658101,-0.45519125683060113,0.45519125683060113,0.0004798772020869928,0.000494579617620547,0.00014316778404805308,True,True,True,True,Control > ADHD
central_occipital_beta_connectivity,regional,beta,central,occipital,61,60,-0.22855830514471973,-0.3727743649849956,0.14421605984027588,-0.2577105761763772,-0.4179971335507933,-0.23999765111226562,-0.40769864322658395,2650.0,2.1536172622427642e-05,0.8462698934651893,0.8462698934651893,0.4480874316939891,0.4480874316939891,0.0006236875591455045,0.00028714896829903523,0.00010768086311213821,True,True,True,True,ADHD > Control
F3_Fz_beta_connectivity,channel,beta,F3,Fz,61,60,0.5305017415973174,0.3923132590125709,0.13818848258474653,0.5368326759674547,0.40815862471411335,0.6046945697989158,0.4349968865542102,2634.0,3.1081584902622005e-05,0.8435953604771962,0.8435953604771962,0.43934426229508206,0.43934426229508206,0.0008655025949807051,0.0009243393075388458,0.0002657475509174182,True,True,True,True,ADHD > Control
C3_Pz_beta_connectivity,channel,beta,C3,Pz,61,60,0.13588278006665183,0.0005208920682056255,0.1353618879984462,0.1346644544083184,-0.0249542386539281,0.13917027255210576,0.0010229945103018732,2664.0,1.553832021917668e-05,0.8416017331008406,0.8416017331008406,0.4557377049180329,0.4557377049180329,0.0004798772020869928,0.000494579617620547,0.00014316778404805308,True,True,True,True,ADHD > Control
F3_P4_beta_connectivity,channel,beta,F3,P4,61,60,-0.4769928571774997,-0.35986957667314207,-0.11712328050435761,-0.4815468958433408,-0.3749494113489975,-0.5311867085770918,-0.38803000698565093,987.0,1.256353779436295e-05,-0.834765765081556,0.834765765081556,-0.4606557377049181,0.4606557377049181,0.0004435378380153851,0.00046314172035860656,0.00012940724539431655,True,True,True,True,Control > ADHD
F4_Cz_theta_connectivity,channel,theta,F4,Cz,61,60,0.22227105074358508,0.43901279034081586,-0.21674173959723078,0.1982751626889257,0.504399629997906,0.24599018386673135,0.5447539288061324,991.0,1.3811555533945743e-05,-0.8085562447633023,0.8085562447633023,-0.45846994535519126,0.45846994535519126,0.0004545257366625781,0.00047235519926094443,0.0011808879981523612,True,True,True,True,Control > ADHD
C3_P7_beta_connectivity,channel,beta,C3,P7,61,60,0.06485139792680332,-0.09466412861987085,0.15951552654667417,0.0170172547838549,-0.1102697291408904,0.06806452012966648,-0.09873202319516619,2615.0,4.764340373713029e-05,0.7984376998225982,0.7984376998225982,0.4289617486338797,0.4289617486338797,0.0011497941435227442,0.0012533880060075814,0.00037031918359314907,True,True,True,True,ADHD > Control
F3_Fz_theta_connectivity,channel,theta,F3,Fz,61,60,0.6991520723499902,0.5536243209968331,0.1455277513531571,0.730164372263361,0.5786558694465149,0.9092293276144844,0.6787498788669207,2587.0,8.791083779595372e-05,0.7917302511709327,0.7917302511709327,0.4136612021857924,0.4136612021857924,0.0016749328043229078,0.0018790941578885108,0.0037581883157770217,True,True,True,True,ADHD > Control
central_occipital_theta_connectivity,regional,theta,central,occipital,61,60,-0.30218407241934486,-0.43236409729005987,0.130180024870715,-0.3227522279657097,-0.4602704080207795,-0.32166471503898086,-0.4835002719728998,2598.0,6.927347546293996e-05,0.7830148319142669,0.7830148319142669,0.4196721311475411,0.4196721311475411,0.0013931665620880147,0.0005493687706576668,0.00034636737731469976,True,True,True,True,ADHD > Control
F3_F7_beta_connectivity,channel,beta,F3,F7,61,60,0.4537693503144887,0.276762444401984,0.17700690591250468,0.469718337652847,0.3045719768260299,0.5257917494488796,0.3027187366535553,2575.0,0.00011360346791324564,0.7812245216354009,0.7812245216354009,0.4071038251366119,0.4071038251366119,0.0020562227692297462,0.0022854344721370593,0.0006937926076130359,True,True,True,True,ADHD > Control
central_parietal_alpha_connectivity,regional,alpha,central,parietal,61,60,-0.09666447027341947,-0.3060007515737845,0.20933628130036502,-0.0848332969248696,-0.38418751135246487,-0.10353341664827721,-0.34438724402827625,2617.0,4.5568634396075346e-05,0.7765296082067165,0.7765296082067165,0.4300546448087432,0.4300546448087432,0.0011497941435227442,0.00045568634396075345,0.00045568634396075345,True,True,True,True,ADHD > Control
T7_Cz_beta_connectivity,channel,beta,T7,Cz,61,60,-0.20038244088787413,-0.059536513998430886,-0.14084592688944325,-0.1867667053963321,-0.03547009343655185,-0.2092572479974236,-0.062412093509055196,983.0,1.1423578360826384e-05,-0.7755024036200028,0.7755024036200028,-0.4628415300546448,0.4628415300546448,0.0004352984596441212,0.00045963103522383807,0.00012940724539431655,True,True,True,True,Control > ADHD
frontal_central_beta_connectivity,regional,beta,frontal,central,61,60,-0.15566459766850732,0.020969898325002415,-0.17663449599350972,-0.164444997159027,0.029440901628858547,-0.1619096644608289,0.02125645582276979,1070.0,8.240531559865e-05,-0.7666981102991902,0.7666981102991902,-0.41530054644808745,0.41530054644808745,0.0016124715809033136,0.0005493687706576668,0.0002746843853288334,True,True,True,True,Control > ADHD
F4_P4_beta_connectivity,channel,beta,F4,P4,61,60,-0.03369518134784494,-0.19497313273305755,0.16127795138521261,-0.0625903490897659,-0.2003045221614788,-0.034669577390563956,-0.20641203703223382,2599.0,6.77787268665553e-05,0.7489144924823147,0.7489144924823147,0.42021857923497263,0.42021857923497263,0.0013931665620880147,0.0014955048121523815,0.0004457754728531137,True,True,True,True,ADHD > Control
Fp2_P3_beta_connectivity,channel,beta,Fp2,P3,61,60,-0.41321475233408683,-0.30121274959942923,-0.1120020027346576,-0.3871238418839369,-0.32316766225595395,-0.4586988796321166,-0.31743779828158836,1092.0,0.00013170650955570922,-0.743924757348964,0.743924757348964,-0.40327868852459015,0.40327868852459015,0.0021671707481439426,0.0023707171720027662,0.0007038066604383212,True,True,True,True,Control > ADHD
F4_Cz_alpha_connectivity,channel,alpha,F4,Cz,61,60,0.15755669820178494,0.3568346793567023,-0.19927798115491738,0.1603539977693009,0.3894652643807607,0.17037564606169966,0.42668598679188213,1055.0,5.9431728225222095e-05,-0.7429260012712765,0.7429260012712765,-0.42349726775956287,0.42349726775956287,0.00134464285109565,0.0014472408079277716,0.00508141276325649,True,True,True,True,Control > ADHD
central_occipital_alpha_connectivity,regional,alpha,central,occipital,61,60,-0.329908933136813,-0.46852273456092,0.13861380142410695,-0.3313186278869542,-0.501813043775301,-0.3587391808511183,-0.5355552555859949,2563.0,0.00014626583585110095,0.741177912463658,0.741177912463658,0.4005464480874317,0.4005464480874317,0.00230209706861298,0.0008358047762920055,0.0007313291792555047,True,True,True,True,ADHD > Control
C3_T8_beta_connectivity,channel,beta,C3,T8,61,60,-0.3314790220625632,-0.21084234121641285,-0.12063668084615034,-0.3289584655692418,-0.19626895836506064,-0.3568605068253255,-0.22126588887474258,1058.0,6.347547403191981e-05,-0.738944519061271,0.738944519061271,-0.4218579234972678,0.4218579234972678,0.0013516542117385276,0.0014472408079277716,0.0004341722423783315,True,True,True,True,Control > ADHD
F3_O2_beta_connectivity,channel,beta,F3,O2,61,60,-0.428505919270895,-0.33620839282798937,-0.09229752644290562,-0.4326054394287005,-0.3460617901508052,-0.46682151017392226,-0.35732166895693573,1095.0,0.00014026906083184045,-0.7385705344834054,0.7385705344834054,-0.4016393442622951,0.4016393442622951,0.0022567733342722775,0.0024601035284353557,0.0007268487697649915,True,True,True,True,Control > ADHD
O1_P8_beta_connectivity,channel,beta,O1,P8,61,60,-0.07692070622052047,0.032789708127969344,-0.10971041434848981,-0.0482993975527206,0.03921544107127695,-0.07896764002728056,0.03292320969900923,1080.0,0.0001021387177090649,-0.728427868034893,0.728427868034893,-0.4098360655737705,0.4098360655737705,0.0018961136313169996,0.0021170570579697088,0.0006468785454907444,True,True,True,True,Control > ADHD
F4_P8_beta_connectivity,channel,beta,F4,P8,61,60,-0.07875248548028504,-0.20959322167967534,0.1308407361993903,-0.1025609850275684,-0.2364780359671626,-0.07950615104912101,-0.22070200817542956,2570.0,0.00012627441624434602,0.7255288113703668,0.7255288113703668,0.40437158469945356,0.40437158469945356,0.0021671707481439426,0.0023707171720027662,0.0007038066604383212,True,True,True,True,ADHD > Control
P3_P8_beta_connectivity,channel,beta,P3,P8,61,60,-0.21345617659417299,-0.08579913619481504,-0.12765704039935794,-0.1982481902687888,-0.03421935477717595,-0.22255781037794817,-0.09008142811737042,988.0,1.286504778773907e-05,-0.722969990413869,0.722969990413869,-0.4601092896174863,0.4601092896174863,0.0004435378380153851,0.00046314172035860656,0.00012940724539431655,True,True,True,True,Control > ADHD
F4_C3_alpha_connectivity,channel,alpha,F4,C3,61,60,-0.23864830311746568,-0.07023005945992342,-0.16841824365754227,-0.2577224884108061,-0.08633839872980989,-0.24987907719283145,-0.07286072547387179,1143.0,0.000372470289890464,-0.721504993911032,0.721504993911032,-0.37540983606557377,0.37540983606557377,0.0048155087478695706,0.005199381189491376,0.012500212001858947,True,True,True,True,Control > ADHD
C4_Fz_beta_connectivity,channel,beta,C4,Fz,61,60,-0.17050775647559024,-0.037478598061163854,-0.1330291584144264,-0.1717015550883423,-0.06512662064162489,-0.17642044044439179,-0.039499642033836345,1146.0,0.0003951436204550938,-0.7187812641978044,0.7187812641978044,-0.3737704918032787,0.3737704918032787,0.004932482434646343,0.0052995732625741995,0.0015971739002990188,True,True,True,True,Control > ADHD
F7_Cz_beta_connectivity,channel,beta,F7,Cz,61,60,-0.23672288023626709,-0.12340443726640667,-0.11331844296986042,-0.2110414872366505,-0.1148321080801359,-0.2485546225649693,-0.12681969800062246,1137.0,0.0003307252154434101,-0.7156984402639773,0.7156984402639773,-0.3786885245901639,0.3786885245901639,0.004434167703352387,0.004813107390708352,0.0013793661424591006,True,True,True,True,Control > ADHD
F3_T8_beta_connectivity,channel,beta,F3,T8,61,60,-0.30003776833804024,-0.1909090633162832,-0.10912870502175703,-0.2866272184953019,-0.19372780061517805,-0.31889083603898144,-0.19887816090921012,1055.0,5.9431728225222095e-05,-0.7154405371069059,0.7154405371069059,-0.42349726775956287,0.42349726775956287,0.00134464285109565,0.0014472408079277716,0.0004341722423783315,True,True,True,True,Control > ADHD
P3_Cz_theta_connectivity,channel,theta,P3,Cz,61,60,-0.06369520019679577,-0.24939090361011215,0.18569570341331637,-0.0041984225219304,-0.25518630858608504,-0.07297070339583644,-0.27737198430259863,2629.0,3.481041137475584e-05,0.7131400056018942,0.7131400056018942,0.43661202185792347,0.43661202185792347,0.000933434734641601,0.0009920967241805415,0.001984193448361083,True,True,True,True,ADHD > Control
C3_P3_alpha_connectivity,channel,alpha,C3,P3,61,60,0.4225618862705643,0.20049755460578758,0.2220643316647767,0.4321788751150546,0.20293787556232465,0.500143049946157,0.2351249422565629,2499.0,0.0005291574299147689,0.6989470080169156,0.6989470080169156,0.3655737704918032,0.3655737704918032,0.005986093425910823,0.006463280036816106,0.012500212001858947,True,True,True,True,ADHD > Control
F3_Fz_alpha_connectivity,channel,alpha,F3,Fz,61,60,0.657009826220206,0.521960252273216,0.13504957394699002,0.6756009222977539,0.5694469626069707,0.8309734519467278,0.6272985164380567,2495.0,0.0005714629913611083,0.6974877162475059,0.6974877162475059,0.3633879781420766,0.3633879781420766,0.0063652185499298835,0.0068575558963333005,0.012500212001858947,True,True,True,True,ADHD > Control
frontal_central_theta_connectivity,regional,theta,frontal,central,61,60,-0.17401040009005572,-0.011045241371615758,-0.16296515871843997,-0.2119598694108563,-0.014119993456724551,-0.18409286857550058,-0.01262576042130156,1160.0,0.0005190469048367496,-0.6936481861634943,0.6936481861634943,-0.36612021857923494,0.36612021857923494,0.005964919985742964,0.0025952345241837477,0.001730156349455832,True,True,True,True,Control > ADHD
Fz_Pz_beta_connectivity,channel,beta,Fz,Pz,61,60,0.04224884610727805,-0.09037497998185122,0.13262382608912926,0.0180504941592842,-0.13426165339202079,0.045159323854268726,-0.09376035769215016,2533.0,0.00027073483324300873,0.6923057378227645,0.6923057378227645,0.38415300546448083,0.38415300546448083,0.004170468495062517,0.0046295656484554495,0.0013616369554280733,True,True,True,True,ADHD > Control
O2_F8_beta_connectivity,channel,beta,O2,F8,61,60,-0.06571375364597076,-0.1794936912860866,0.11377993764011585,-0.0788970716655068,-0.17515526520229796,-0.06692494776074182,-0.18753461533559934,2523.0,0.0003307252154434101,0.6919275122467041,0.6919275122467041,0.3786885245901639,0.3786885245901639,0.004434167703352387,0.004813107390708352,0.0013793661424591006,True,True,True,True,ADHD > Control
P4_Pz_beta_connectivity,channel,beta,P4,Pz,61,60,0.12747403718547737,0.26849797303133194,-0.14102393584585457,0.1643866125907582,0.3219729477830148,0.13173217330059522,0.28822707534132486,1044.0,4.6595069945738516e-05,-0.6874127236338208,0.6874127236338208,-0.42950819672131146,0.42950819672131146,0.0011497941435227442,0.0012533880060075814,0.00037031918359314907,True,True,True,True,Control > ADHD
F3_F7_alpha_connectivity,channel,alpha,F3,F7,61,60,0.538106076984921,0.38017233840774733,0.15793373857717363,0.5610152786405379,0.3955482360974449,0.6575398990955748,0.43371150365591754,2521.0,0.00034412761710930973,0.6809539928959355,0.6809539928959355,0.3775956284153006,0.3775956284153006,0.004529970814311641,0.004903818543807664,0.012500212001858947,True,True,True,True,ADHD > Control
F3_Cz_alpha_connectivity,channel,alpha,F3,Cz,61,60,-0.15131553679175153,0.023500853395846448,-0.17481639018759798,-0.1575634630280421,0.005095133663169851,-0.1572393261873514,0.02872331440605985,1217.0,0.001497137475749322,-0.6803487647538564,0.6803487647538564,-0.33497267759562843,0.33497267759562843,0.011911291565302297,0.012488317480640687,0.017374824354885,True,True,True,True,Control > ADHD
P3_F7_beta_connectivity,channel,beta,P3,F7,61,60,-0.0924892446977931,-0.21678183780134652,0.12429259310355342,-0.1264778176568324,-0.2548112818292436,-0.09332285448634985,-0.2286259139404709,2526.0,0.0003115345680693857,0.6740271799404255,0.6740271799404255,0.38032786885245895,0.38032786885245895,0.00442256916239677,0.004813107390708352,0.0013793661424591006,True,True,True,True,ADHD > Control
F3_C4_alpha_connectivity,channel,alpha,F3,C4,61,60,-0.268074755427535,-0.1078817085029575,-0.1601930469245775,-0.2667998023505981,-0.12957099802761096,-0.2832979994319072,-0.11704947816725607,1178.0,0.0007317023854802133,-0.6706360357839453,0.6706360357839453,-0.35628415300546445,0.35628415300546445,0.0076031796730725515,0.008095256021290348,0.012500212001858947,True,True,True,True,Control > ADHD
F3_F4_beta_connectivity,channel,beta,F3,F4,61,60,0.001954979663665812,0.13943834780606507,-0.13748336814239925,0.0136920715024544,0.14690925967623603,0.0015587441007940742,0.14694270795969192,1178.0,0.0007317023854802133,-0.6608614699059032,0.6608614699059032,-0.35628415300546445,0.35628415300546445,0.0076031796730725515,0.008095256021290348,0.00255000564670646,True,True,True,True,Control > ADHD
O2_P7_beta_connectivity,channel,beta,O2,P7,61,60,-0.12491334828128654,-0.02212571927431644,-0.10278762900697011,-0.1191167413929677,-0.0266202126411235,-0.12753628760905775,-0.02275484337157626,1186.0,0.0008501036902871588,-0.660416724631347,0.660416724631347,-0.3519125683060109,0.3519125683060109,0.008098356207472408,0.008551043002300245,0.0027955332892135414,True,True,True,True,Control > ADHD
C4_P8_beta_connectivity,channel,beta,C4,P8,61,60,0.08548988901413711,-0.061617553874888445,0.14710744288902555,0.060849730898831,-0.08470512502620756,0.0924141805728217,-0.06380470198477846,2527.0,0.0003053728952619857,0.6603924609543447,0.6603924609543447,0.3808743169398907,0.3808743169398907,0.004421799523393552,0.004813107390708352,0.0013793661424591006,True,True,True,True,ADHD > Control
P4_T8_beta_connectivity,channel,beta,P4,T8,61,60,0.23470517241202887,0.10329853845830206,0.13140663395372681,0.2396979136996402,0.10676424514212005,0.2498667886607335,0.1089690651779222,2512.0,0.00041096872288395804,0.6583910778313389,0.6583910778313389,0.3726775956284154,0.3726775956284154,0.0049590225894664275,0.0053038227632571195,0.0015971739002990188,True,True,True,True,ADHD > Control
F4_C4_theta_connectivity,channel,theta,F4,C4,61,60,0.32339920777944353,0.48720869809992834,-0.1638094903204848,0.2633005908154004,0.5103785016998579,0.36684199631671033,0.6421983093415693,1145.0,0.0003874463280623403,-0.6535021293484944,0.6535021293484944,-0.37431693989071035,0.37431693989071035,0.004921248096791832,0.0052995732625741995,0.01325066441973204,True,True,True,True,Control > ADHD
P4_F7_beta_connectivity,channel,beta,P4,F7,61,60,-0.371910863460561,-0.27862099786672295,-0.09328986559383806,-0.3550401369484393,-0.26458213405332487,-0.4030207669905956,-0.293044416455527,1133.0,0.0003053728952619857,-0.6533761329670102,0.6533761329670102,-0.3808743169398907,0.3808743169398907,0.004421799523393552,0.004813107390708352,0.0013793661424591006,True,True,True,True,Control > ADHD
P3_P4_beta_connectivity,channel,beta,P3,P4,61,60,-0.09347318248598828,0.03262479350033407,-0.12609797598632236,-0.0982688214592449,0.0802862692544585,-0.09800348748686288,0.032907987889467534,1181.0,0.0007741823324998364,-0.65174255726161,0.65174255726161,-0.3546448087431694,0.3546448087431694,0.007678191900409336,0.008146780237382894,0.002595787820734746,True,True,True,True,Control > ADHD
Fp2_P8_beta_connectivity,channel,beta,Fp2,P8,61,60,-0.013935000367640877,-0.15021860965033365,0.13628360928269279,-0.0626204187626557,-0.20247260308093812,-0.01209106314267546,-0.15554571640956597,2572.0,0.00012105399788312286,0.6495349134674222,0.6495349134674222,0.40546448087431686,0.40546448087431686,0.0021376364504239256,0.002365740987201601,0.0007038066604383212,True,True,True,True,ADHD > Control
F8_Fz_beta_connectivity,channel,beta,F8,Fz,61,60,-0.04960693502426449,0.06427168873132683,-0.11387862375559132,-0.0580207541332058,0.07585165648556269,-0.05095985066828242,0.06870408281949031,1148.0,0.00041096872288395804,-0.6477021314668243,0.6477021314668243,-0.3726775956284153,0.3726775956284153,0.0049590225894664275,0.0053038227632571195,0.0015971739002990188,True,True,True,True,Control > ADHD
P3_Pz_beta_connectivity,channel,beta,P3,Pz,61,60,0.47504257246460385,0.37598105804867893,0.09906151441592492,0.498565487789487,0.4323090838472718,0.5310082792264492,0.4062872741480022,2523.0,0.0003307252154434101,0.6468449045055219,0.6468449045055219,0.3786885245901639,0.3786885245901639,0.004434167703352387,0.004813107390708352,0.0013793661424591006,True,True,True,True,ADHD > Control
Fp1_P4_beta_connectivity,channel,beta,Fp1,P4,61,60,-0.444079746079034,-0.3510023648496871,-0.09307738122934689,-0.4521782869111811,-0.334766162251795,-0.4966612268971037,-0.37648892289315705,1170.0,0.0006287743625320899,-0.6318134038531451,0.6318134038531451,-0.360655737704918,0.360655737704918,0.0068974642192914095,0.007415201102964646,0.0023374003476736385,True,True,True,True,Control > ADHD
F4_P3_beta_connectivity,channel,beta,F4,P3,61,60,-0.4614673053599288,-0.36432564658805233,-0.09714165877187647,-0.4806710585875743,-0.39053683550640855,-0.5124573075772195,-0.3950966891869514,1210.0,0.0013203190917151328,-0.6160327988483294,0.6160327988483294,-0.3387978142076503,0.3387978142076503,0.01098748301611214,0.011578182804271165,0.003826687537004877,True,True,True,True,Control > ADHD
F4_O2_beta_connectivity,channel,beta,F4,O2,61,60,-0.12116681972193995,-0.23840238418579796,0.11723556446385801,-0.0945565253651116,-0.260228157956675,-0.1286030164672835,-0.25243240665320305,2530.0,0.0002875656403210762,0.614058106806943,0.614058106806943,0.3825136612021858,0.3825136612021858,0.004337448408176233,0.0047974365360881985,0.0013793661424591006,True,True,True,True,ADHD > Control
Fp2_P4_beta_connectivity,channel,beta,Fp2,P4,61,60,-0.12112162311409726,-0.24706893127721327,0.125947308163116,-0.1343421288845164,-0.29202870221138477,-0.1254028491613165,-0.2636754458726421,2438.0,0.0016365228584087827,0.6137090617426078,0.6137090617426078,0.33224043715846996,0.33224043715846996,0.012604707973276156,0.013169195707665969,0.004441990615680982,True,True,True,True,ADHD > Control
P4_Cz_alpha_connectivity,channel,alpha,P4,Cz,61,60,0.15058713588160638,0.009583542634458193,0.1410035932471482,0.1525730749053881,-0.0129127876121552,0.1563730109286474,0.012148504191489351,2477.0,0.0008037622519506134,0.6091078258633063,0.6091078258633063,0.353551912568306,0.353551912568306,0.007863836086651947,0.00832989970203363,0.012500212001858947,True,True,True,True,ADHD > Control
P8_Pz_beta_connectivity,channel,beta,P8,Pz,61,60,-0.08417428650329707,0.0066757946131239905,-0.09085008111642107,-0.0515977353871949,0.0413304712068302,-0.08682348897660538,0.005256144542467737,1058.0,6.347547403191981e-05,-0.6048033462855835,0.6048033462855835,-0.4218579234972678,0.4218579234972678,0.0013516542117385276,0.0014472408079277716,0.0004341722423783315,True,True,True,True,Control > ADHD
C3_F8_beta_connectivity,channel,beta,C3,F8,61,60,-0.25564822917669944,-0.15916475431759367,-0.09648347485910577,-0.2516047893598028,-0.15422853109236534,-0.27081695728022154,-0.16516704175756217,1217.0,0.001497137475749322,-0.5914196906114083,0.5914196906114083,-0.33497267759562843,0.33497267759562843,0.011911291565302297,0.012488317480640687,0.004196893579559575,True,True,True,True,Control > ADHD
Fp1_C4_beta_connectivity,channel,beta,Fp1,C4,61,60,-0.2926769334278655,-0.1796171311183354,-0.11305980230953008,-0.2741323912797815,-0.15994860867748045,-0.31086885899814864,-0.19215922512825123,1173.0,0.0006656823356014586,-0.5901572233893515,0.5901572233893515,-0.3590163934426229,0.3590163934426229,0.007193343447394866,0.007717401992396572,0.002421950625273392,True,True,True,True,Control > ADHD
P3_Cz_alpha_connectivity,channel,alpha,P3,Cz,61,60,-0.0211656912370321,-0.1579591918519859,0.1367935006149538,-0.0013744413036624,-0.15870425506981845,-0.023701725212235642,-0.17150370397685374,2442.0,0.0015241073995513157,0.5872677037765022,0.5872677037765022,0.3344262295081968,0.3344262295081968,0.011994062579077744,0.012560113991483133,0.017374824354885,True,True,True,True,ADHD > Control
C3_F8_alpha_connectivity,channel,alpha,C3,F8,61,60,-0.3654131509685496,-0.26061408617464193,-0.10479906479390766,-0.3906025323693219,-0.27657634309798335,-0.39429539065195884,-0.27802660084751624,1192.0,0.0009503085147612065,-0.580771217745662,0.580771217745662,-0.3486338797814208,0.3486338797814208,0.00860029205858892,0.009027930890231461,0.012500212001858947,True,True,True,True,Control > ADHD
C4_F7_beta_connectivity,channel,beta,C4,F7,61,60,-0.29917367946424106,-0.21298256786406655,-0.08619111160017451,-0.2959072115023856,-0.2047090603991717,-0.317332498796006,-0.2222832459543042,1190.0,0.0009157512757865339,-0.5758303245378735,0.5758303245378735,-0.3497267759562842,0.3497267759562842,0.008392454729993046,0.00882216722025337,0.002899879039990691,True,True,True,True,Control > ADHD
C3_P3_theta_connectivity,channel,theta,C3,P3,61,60,0.4162269983629709,0.2404372441569362,0.17578975420603468,0.4188795770054522,0.206834447184029,0.4761427410820735,0.2817422463326584,2409.0,0.0027088534093981046,0.5742963382048468,0.5742963382048468,0.3163934426229509,0.3163934426229509,0.018787004971600674,0.01936259879544178,0.05146821477856399,True,True,True,False,ADHD > Control
P3_F8_alpha_connectivity,channel,alpha,P3,F8,61,60,-0.4590508102237745,-0.37189427143212545,-0.08715653879164903,-0.4554400117528023,-0.3671168286505015,-0.5100277735850411,-0.40440816395058315,1230.0,0.0018845687186658084,-0.5723398764179393,0.5723398764179393,-0.3278688524590164,0.3278688524590164,0.014066265487773663,0.01464823867690242,0.02014132818074083,True,True,True,True,Control > ADHD
Fp2_C3_alpha_connectivity,channel,alpha,Fp2,C3,61,60,-0.3124074522233266,-0.20382743709135567,-0.10858001513197094,-0.3516659159950244,-0.2497905669525855,-0.3334165535897808,-0.2148836337304122,1188.0,0.0008823616623269431,-0.5712625342929512,0.5712625342929512,-0.3508196721311475,0.3508196721311475,0.008296491474346841,0.008746889522197524,0.012500212001858947,True,True,True,True,Control > ADHD
P8_Cz_beta_connectivity,channel,beta,P8,Cz,61,60,0.0009429158562230642,-0.11633271913052814,0.11727563498675121,-0.0152788120644856,-0.1587282753679417,0.0017915654796833175,-0.11901394810589062,2501.0,0.0005091166659649402,0.5709706622628762,0.5709706622628762,0.3666666666666667,0.3666666666666667,0.0059451688090099465,0.0063315599912730745,0.0019346433306667728,True,True,True,True,ADHD > Control
frontal_central_alpha_connectivity,regional,alpha,frontal,central,61,60,-0.2140020607987985,-0.03426472247523418,-0.1797373383235643,-0.230031781279164,-0.0123599599816058,-0.23884937675797235,-0.04564085503328011,1198.0,0.0010613610075539265,-0.5686022542682091,0.5686022542682091,-0.34535519125683056,0.34535519125683056,0.009371041091085887,0.004717160033573006,0.0035378700251797552,True,True,True,True,Control > ADHD
F3_P7_beta_connectivity,channel,beta,F3,P7,61,60,-0.09601747525825673,-0.198105689900881,0.10208821464262428,-0.1133291007581647,-0.21648974717699748,-0.09835554180937002,-0.2096225337994853,2395.0,0.0034290658464499676,0.5654166293138507,0.5654166293138507,0.3087431693989071,0.3087431693989071,0.02216646136455158,0.022994912146782138,0.008032469311547184,True,True,True,True,ADHD > Control
P3_O2_beta_connectivity,channel,beta,P3,O2,61,60,-0.08782102844141985,0.007487295722290998,-0.09530832416371085,-0.0770970470768866,0.00935012560132395,-0.09058768484077223,0.006942799904354571,1236.0,0.002092773041649176,-0.5639416931781409,0.5639416931781409,-0.3245901639344262,0.3245901639344262,0.015151676821540033,0.015730294071297102,0.00542218469881832,True,True,True,True,Control > ADHD
P3_P8_alpha_connectivity,channel,alpha,P3,P8,61,60,-0.23736239274680754,-0.10962760654039062,-0.12773478620641693,-0.2278361411362503,-0.09399543198054565,-0.25084326932434,-0.11695879675053804,1252.0,0.0027553041379813786,-0.561850661335659,0.561850661335659,-0.3158469945355191,0.3158469945355191,0.018787004971600674,0.01936259879544178,0.02479773724183241,True,True,True,True,Control > ADHD
F3_P3_beta_connectivity,channel,beta,F3,P3,61,60,-0.06646952350278391,-0.19042475200545858,0.12395522850267467,-0.0707024189353239,-0.21431779853590244,-0.0668852862740485,-0.20543108012756997,2413.0,0.0025301184065948962,0.5598285376148814,0.5598285376148814,0.3185792349726777,0.3185792349726777,0.017784521615288398,0.01841064883096712,0.00627029344243083,True,True,True,True,ADHD > Control
P4_F8_beta_connectivity,channel,beta,P4,F8,61,60,-0.08518940175706988,-0.19959534671815374,0.11440594496108386,-0.1226722937224732,-0.22957553770675382,-0.08766597705174338,-0.20824333121612457,2452.0,0.0012734607409520275,0.5562492992165653,0.5562492992165653,0.3398907103825137,0.3398907103825137,0.010720762516851952,0.011312300607937491,0.0037545135638413227,True,True,True,True,ADHD > Control
O2_T8_beta_connectivity,channel,beta,O2,T8,61,60,0.050803817598055065,-0.06001736469239503,0.1108211822904501,0.0439063675420942,-0.09673722889218216,0.05364635936807215,-0.06090488721658295,2481.0,0.0007456156861714795,0.5548286263643432,0.5548286263643432,0.3557377049180328,0.3557377049180328,0.0076031796730725515,0.008095256021290348,0.00255000564670646,True,True,True,True,ADHD > Control
Fp1_Cz_beta_connectivity,channel,beta,Fp1,Cz,61,60,-0.26209134049795485,-0.15317441678302104,-0.1089169237149338,-0.2630085593867293,-0.14887567015954473,-0.276670225143752,-0.16284179315547817,1193.0,0.0009680365124661614,-0.5532958278115875,0.5532958278115875,-0.34808743169398904,0.34808743169398904,0.008652573271919763,0.0090703695140665,0.003009713520576611,True,True,True,True,Control > ADHD
C4_O2_alpha_connectivity,channel,alpha,C4,O2,61,60,0.03648283144218213,-0.12820126078512079,0.1646840922273029,0.0099735526465839,-0.1672785722542581,0.04014087915179286,-0.13250674515537733,2476.0,0.0008189423559851537,0.5527513077738835,0.5527513077738835,0.3530054644808742,0.3530054644808742,0.007905523543110016,0.008360545843191718,0.012500212001858947,True,True,True,True,ADHD > Control
C3_O1_alpha_connectivity,channel,alpha,C3,O1,61,60,-0.050258493784122275,-0.1764536173414446,0.12619512355732232,-0.0409144666230882,-0.1829133924635997,-0.05313352049249515,-0.1921182369461794,2367.0,0.005415016580789667,0.55160275706761,0.55160275706761,0.2934426229508196,0.2934426229508196,0.032400595078443964,0.03336821028162281,0.042089447059774236,True,True,True,True,ADHD > Control
O2_F7_beta_connectivity,channel,beta,O2,F7,61,60,-0.31625367183326203,-0.2449620900058669,-0.07129158182739512,-0.3039239876996155,-0.21735889336190367,-0.3350994166340854,-0.25463277460541617,1229.0,0.0018517777474446864,-0.5511867706542384,0.5511867706542384,-0.3284153005464481,0.3284153005464481,0.014066265487773663,0.01464823867690242,0.004947718668953772,True,True,True,True,Control > ADHD
C4_T7_beta_connectivity,channel,beta,C4,T7,61,60,-0.29105868953827035,-0.19048776559157632,-0.10057092394669404,-0.3356356830034741,-0.18697200377371714,-0.3113078050739344,-0.2005652562777204,1233.0,0.0019861681770019213,-0.5497347206840496,0.5497347206840496,-0.32622950819672136,0.32622950819672136,0.014673324083157052,0.015264483517632743,0.00522515012718967,True,True,True,True,Control > ADHD
Fp2_Fz_beta_connectivity,channel,beta,Fp2,Fz,61,60,0.03784286368431802,0.1586786578737013,-0.12083579418938328,0.0608629228515502,0.14339369388757345,0.038497396630603635,0.17346772888747308,1297.0,0.0057710683132913285,-0.5478606801368309,0.5478606801368309,-0.29125683060109286,0.29125683060109286,0.034247979170679684,0.035244738627600615,0.01298490370490549,True,True,True,True,Control > ADHD
Fp1_P3_beta_connectivity,channel,beta,Fp1,P3,61,60,-0.1194833849701913,-0.23004136491396923,0.11055797994377793,-0.1358599487885048,-0.2726661107893873,-0.12180675123820109,-0.2452365004121178,2416.0,0.002403219177105914,0.5433934318264815,0.5433934318264815,0.32021857923497277,0.32021857923497277,0.017058143962987077,0.01767528943161769,0.006043389401251637,True,True,True,True,ADHD > Control
F3_C3_theta_connectivity,channel,theta,F3,C3,61,60,0.3481021042511879,0.49921531673148506,-0.15111321248029713,0.3903714404132655,0.5130324127578051,0.4156084531300897,0.6430859625821356,1287.0,0.004918042204543979,-0.5394806350442196,0.5394806350442196,-0.2967213114754098,0.2967213114754098,0.030175106407541025,0.031147600628778537,0.0723745770843794,True,True,True,False,Control > ADHD
Cz_Pz_theta_connectivity,channel,theta,Cz,Pz,61,60,0.028148336769239293,-0.12964673237954455,0.15779506914878383,0.0330944721421354,-0.12499339233545326,0.048777716990625414,-0.14354621617907357,2430.0,0.0018845687186658084,0.5373948026233633,0.5373948026233633,0.3278688524590163,0.3278688524590163,0.014066265487773663,0.01464823867690242,0.04028265636148166,True,True,True,True,ADHD > Control
O2_Pz_beta_connectivity,channel,beta,O2,Pz,61,60,0.046244476720469996,0.13444734493562224,-0.08820286821515225,0.0758429589156824,0.15273665254253946,0.046587173507504666,0.14049565348358642,1265.0,0.0034290658464499676,-0.5367982090362725,0.5367982090362725,-0.3087431693989071,0.3087431693989071,0.02216646136455158,0.022994912146782138,0.008032469311547184,True,True,True,True,Control > ADHD
C4_P4_alpha_connectivity,channel,alpha,C4,P4,61,60,0.4052698369359028,0.20054683596051107,0.20472300097539173,0.4567516133484934,0.1609520949468343,0.4872892203035243,0.25560694622697877,2480.0,0.0007597743551823789,0.5367319336571643,0.5367319336571643,0.35519125683060104,0.35519125683060104,0.00763995323822281,0.008120088421011674,0.012500212001858947,True,True,True,True,ADHD > Control
F4_Cz_delta_connectivity,channel,delta,F4,Cz,61,60,0.3407422341369268,0.5363584959046871,-0.1956162617677603,0.3360976310545854,0.5737713169605327,0.44050176828289356,0.7159843513161764,1273.0,0.003915002571969002,-0.533284648417937,0.533284648417937,-0.3043715846994536,0.3043715846994536,0.02484039612015328,0.02568196067128951,0.340285978894586,True,True,True,False,Control > ADHD
F4_P7_theta_connectivity,channel,theta,F4,P7,61,60,-0.4591892760665691,-0.5379595287292572,0.07877025266268811,-0.436759630753388,-0.5517608590795549,-0.5145857475238078,-0.624336982622957,2457.0,0.0011629498880964505,0.5322308890228667,0.5322308890228667,0.3426229508196721,0.3426229508196721,0.010023520464069407,0.01060610297943963,0.03314407181074884,True,True,True,True,ADHD > Control
F4_C4_alpha_connectivity,channel,alpha,F4,C4,61,60,0.23224379542884133,0.37813443992823276,-0.14589064449939143,0.2314876625668028,0.406259839774774,0.2607619727157893,0.48467491155462855,1315.0,0.007648619424209873,-0.5287402584672665,0.5287402584672665,-0.2814207650273224,0.2814207650273224,0.043949210024824985,0.04549265814051785,0.052804839968310494,True,True,True,False,Control > ADHD
P4_T7_beta_connectivity,channel,beta,P4,T7,61,60,-0.27465637713456525,-0.18374586162223977,-0.09091051551232548,-0.2865041031992912,-0.16781164810280935,-0.2911017592672208,-0.19212997064699772,1253.0,0.0028024814046034158,-0.5265540300327364,0.5265540300327364,-0.31530054644808747,0.31530054644808747,0.018787004971600674,0.01936259879544178,0.006749638312495551,True,True,True,True,Control > ADHD
F8_P8_beta_connectivity,channel,beta,F8,P8,61,60,0.02449528692837299,-0.07137418729292931,0.0958694742213023,-0.0069306551320909,-0.0876688740016199,0.026869508889649608,-0.07128479178309675,2471.0,0.0008989127881140897,0.5253778019840453,0.5253778019840453,0.35027322404371586,0.35027322404371586,0.008343754597366679,0.008783662101000534,0.002899879039990691,True,True,True,True,ADHD > Control
F3_F8_beta_connectivity,channel,beta,F3,F8,61,60,-0.17926963431382328,-0.10423053246396682,-0.07503910184985646,-0.1806045563332781,-0.0874423927203582,-0.186450982634541,-0.10693360214805439,1221.0,0.0016077251465252428,-0.5244818058954096,0.5244818058954096,-0.3327868852459016,0.3327868852459016,0.01251605382886318,0.013091476193134121,0.0044342096783196215,True,True,True,True,Control > ADHD
O1_Pz_beta_connectivity,channel,beta,O1,Pz,61,60,0.38996817307158443,0.29076705118273377,0.09920112188885066,0.3960240620741976,0.2665962193510675,0.4213117608727112,0.3169241898595194,2568.0,0.00013170650955570922,0.5212290476962372,0.5212290476962372,0.40327868852459026,0.40327868852459026,0.0021671707481439426,0.0023707171720027662,0.0007038066604383212,True,True,True,True,ADHD > Control
P4_P7_beta_connectivity,channel,beta,P4,P7,61,60,-0.1592358445412116,-0.07888954223313216,-0.08034630230807943,-0.1531922537274156,-0.0639106545646987,-0.16391585176528659,-0.08266429774363146,1215.0,0.0014445120624107081,-0.5166985598706874,0.5166985598706874,-0.33606557377049184,0.33606557377049184,0.0118843946952881,0.012488317480640687,0.004116859377870518,True,True,True,True,Control > ADHD
T7_T8_beta_connectivity,channel,beta,T7,T8,61,60,-0.2327429108647999,-0.14789678976011303,-0.08484612110468687,-0.2289557111878511,-0.11992046317240976,-0.2457654036496442,-0.15385523312460775,1206.0,0.0012281418240008776,-0.5102958738595272,0.5102958738595272,-0.34098360655737703,0.34098360655737703,0.010460878595019239,0.011053276416007899,0.003684425472002633,True,True,True,True,Control > ADHD
Cz_Pz_alpha_connectivity,channel,alpha,Cz,Pz,61,60,0.07764981596649878,-0.06490891067378464,0.1425587266402834,0.111308826202619,-0.06938368502150624,0.08852120982323299,-0.06937474847394484,2408.0,0.0027553041379813786,0.5088721696319848,0.5088721696319848,0.3158469945355191,0.3158469945355191,0.018787004971600674,0.01936259879544178,0.02479773724183241,True,True,True,True,ADHD > Control
central_parietal_delta_connectivity,regional,delta,central,parietal,61,60,-0.10959719986831058,-0.2570740231321594,0.1474768232638488,-0.118106652626798,-0.2714495821349796,-0.12214620635119636,-0.28668870133939245,2351.0,0.006969373637406005,0.5045535714377585,0.5045535714377585,0.2846994535519125,0.2846994535519125,0.040692149302273765,0.02534317686329456,0.06969373637406004,True,True,True,False,ADHD > Control
F8_Pz_beta_connectivity,channel,beta,F8,Pz,61,60,-0.3661188598934948,-0.3002276567520608,-0.06589120314143398,-0.363976995924253,-0.2964083480625377,-0.39035701165244396,-0.31662970235810295,1322.0,0.008515625012584545,-0.5029540040670893,0.5029540040670893,-0.2775956284153005,0.2775956284153005,0.04635573315121211,0.0477433402344904,0.0184325554069868,True,True,True,True,Control > ADHD
O1_Cz_theta_connectivity,channel,theta,O1,Cz,61,60,-0.31514461392755494,-0.4046084030708216,0.08946378914326664,-0.3415573207342485,-0.41906708663509307,-0.34011014218639196,-0.4477353485698127,2371.0,0.005078917690131888,0.4954971146795671,0.4954971146795671,0.2956284153005464,0.2956284153005464,0.03064280339712906,0.0315816336368201,0.0723745770843794,True,True,True,False,ADHD > Control
F3_P4_alpha_connectivity,channel,alpha,F3,P4,61,60,-0.5523930270387769,-0.47950630322236576,-0.07288672381641115,-0.5630308239680174,-0.472021619633919,-0.6359815466713934,-0.5429951818274569,1269.0,0.003664716944637585,-0.49312964832220113,0.49312964832220113,-0.3065573770491803,0.3065573770491803,0.02348013334440364,0.024336566894486485,0.031333329876651356,True,True,True,True,Control > ADHD
O1_P7_theta_connectivity,channel,theta,O1,P7,61,60,0.4597091397121674,0.5483293365205686,-0.08862019680840116,0.4638033870060962,0.591235999474641,0.5228719434839263,0.6540281173410175,1217.0,0.001497137475749322,-0.49001787352840315,0.49001787352840315,-0.33497267759562843,0.33497267759562843,0.011911291565302297,0.012488317480640687,0.03657292976473344,True,True,True,True,Control > ADHD
Fp2_Cz_theta_connectivity,channel,theta,Fp2,Cz,61,60,0.00270919800178324,0.14642067736374895,-0.1437114793619657,-0.0541354572795719,0.129243238462919,0.011205064891460535,0.16455280259918892,1265.0,0.0034290658464499676,-0.48485599821867825,0.48485599821867825,-0.3087431693989071,0.3087431693989071,0.02216646136455158,0.022994912146782138,0.05863702597429445,True,True,True,False,Control > ADHD
P3_T8_alpha_connectivity,channel,alpha,P3,T8,61,60,-0.35374987210818376,-0.2628936551801308,-0.09085621692805296,-0.3643206377176172,-0.2494360580208175,-0.38162685720437495,-0.28240566788396915,1317.0,0.007887882441122838,-0.48390492200702834,0.48390492200702834,-0.280327868852459,0.280327868852459,0.044615835057601055,0.04611377427117967,0.052804839968310494,True,True,True,False,Control > ADHD
F4_T7_beta_connectivity,channel,beta,F4,T7,61,60,-0.28718832684008644,-0.21162642254157266,-0.07556190429851378,-0.3005138047757249,-0.21596186885571517,-0.30464788960250316,-0.22121370799250045,1313.0,0.007415882245800694,-0.4774055328507838,0.4774055328507838,-0.2825136612021858,0.2825136612021858,0.042952789967677624,0.044495293474804166,0.016469037195219725,True,True,True,True,Control > ADHD
P3_Fz_beta_connectivity,channel,beta,P3,Fz,61,60,-0.10737523514574257,-0.20565143511486556,0.09827619996912298,-0.1338164429583885,-0.26365277977936935,-0.10959014317951432,-0.2162882031248156,2459.0,0.0011212815113355128,0.47714039629107335,0.47714039629107335,0.3437158469945356,0.3437158469945356,0.009780817038637485,0.010364277753425551,0.0034239131863995124,True,True,True,True,ADHD > Control
P7_P8_beta_connectivity,channel,beta,P7,P8,61,60,-0.07153178604751363,0.010730756600774327,-0.08226254264828796,-0.06682650460156,0.026785191126990848,-0.07388539114279802,0.009844066498065294,1286.0,0.004839345490858495,-0.47405109622790265,0.47405109622790265,-0.29726775956284157,0.29726775956284157,0.029946035345141453,0.030935629119132807,0.011033707719157368,True,True,True,True,Control > ADHD
central_temporal_theta_connectivity,regional,theta,central,temporal,61,60,-0.1843194807683771,-0.06409198205141581,-0.12022749871696128,-0.1888549622023226,-0.054451127751364,-0.19639688426175145,-0.07228330014152298,1259.0,0.0031013748430606556,-0.4731449654617566,0.4731449654617566,-0.31202185792349724,0.31202185792349724,0.02059995767317353,0.012405499372242623,0.007753437107651639,True,True,True,True,Control > ADHD
P3_Cz_delta_connectivity,channel,delta,P3,Cz,61,60,-0.2300637053347181,-0.40150967987251407,0.17144597453779598,-0.1667182788478355,-0.4197269741057821,-0.29191519765851426,-0.501326894894591,2386.0,0.003979952969527321,0.45945421609824977,0.45945421609824977,0.30382513661202193,0.30382513661202193,0.02484039612015328,0.02568196067128951,0.340285978894586,True,True,True,False,ADHD > Control
T8_Fz_beta_connectivity,channel,beta,T8,Fz,61,60,-0.21846226575606123,-0.14707683650748618,-0.07138542924857505,-0.2120064793079032,-0.1303462836092869,-0.22692854823897912,-0.15342550179278053,1253.0,0.0028024814046034158,-0.4585487671029245,0.4585487671029245,-0.31530054644808747,0.31530054644808747,0.018787004971600674,0.01936259879544178,0.006749638312495551,True,True,True,True,Control > ADHD
F7_P7_beta_connectivity,channel,beta,F7,P7,61,60,0.049826071843115625,-0.04545685650650414,0.09528292834961977,0.0292620151161435,-0.0684738744672045,0.053338463656785615,-0.043653259524216,2481.0,0.0007456156861714795,0.4572687769531937,0.4572687769531937,0.3557377049180328,0.3557377049180328,0.0076031796730725515,0.008095256021290348,0.00255000564670646,True,True,True,True,ADHD > Control
Fp2_P3_alpha_connectivity,channel,alpha,Fp2,P3,61,60,-0.5233589261361606,-0.45392305905433555,-0.06943586708182509,-0.5347315113774658,-0.45013692740751204,-0.6062720055010696,-0.5076120592484321,1289.0,0.005078917690131888,-0.4563452733079383,0.4563452733079383,-0.2956284153005464,0.2956284153005464,0.03064280339712906,0.0315816336368201,0.04135690119107395,True,True,True,True,Control > ADHD
T7_P7_alpha_connectivity,channel,alpha,T7,P7,61,60,0.47872117364089517,0.33117922660397553,0.14754194703691964,0.4848145589230422,0.34229860713187465,0.575093598650327,0.40083969115664353,2426.0,0.0020211362994950644,0.451620897049475,0.451620897049475,0.3256830601092897,0.3256830601092897,0.014780835159943701,0.01536063587616249,0.020330253365509178,True,True,True,True,ADHD > Control
P3_Pz_theta_connectivity,channel,theta,P3,Pz,61,60,0.5977051971072979,0.5164920344441919,0.08121316266310596,0.6294066034259299,0.5442238664156493,0.7346280903494015,0.6066640320656836,2354.0,0.006650500382093502,0.45099891214017623,0.45099891214017623,0.28633879781420757,0.28633879781420757,0.0391460347693959,0.04025612620665447,0.08747965887215299,True,True,True,False,ADHD > Control
Fp1_F3_delta_connectivity,channel,delta,Fp1,F3,61,60,0.6697575432011525,0.5173626498817095,0.152394893319443,0.7284177192835538,0.5754053210878285,0.9332789024992483,0.7092952589380808,2341.0,0.008133827838092718,0.4410301949412077,0.4410301949412077,0.27923497267759556,0.27923497267759556,0.04564712861658222,0.04707833002486456,0.4285963040788808,True,True,True,False,ADHD > Control
central_occipital_delta_connectivity,regional,delta,central,occipital,61,60,-0.12758207566751353,-0.22449108907051002,0.09690901340299649,-0.1295977025191683,-0.26819122714802895,-0.13301171094785094,-0.24413539289557995,2289.0,0.01745918464741299,0.4301609068207589,0.4301609068207589,0.25081967213114753,0.25081967213114753,0.08155128828856131,0.04988338470689426,0.08729592323706495,True,False,True,False,ADHD > Control
F4_P8_alpha_connectivity,channel,alpha,F4,P8,61,60,-0.1412521784351136,-0.2428005501966556,0.10154837176154202,-0.1836950793315713,-0.2799300058633514,-0.14896153073803645,-0.2653274119605069,2340.0,0.00825935614471308,0.42690876532599,0.42690876532599,0.278688524590164,0.278688524590164,0.04564712861658222,0.04707833002486456,0.052804839968310494,True,True,True,False,ADHD > Control
Fp1_P7_beta_connectivity,channel,beta,Fp1,P7,61,60,-0.03263821920962852,-0.12132652753218028,0.08868830832255176,-0.0313067728686126,-0.15651713934144051,-0.0330522271644015,-0.12292941463686143,2422.0,0.002166731816550273,0.41904511672595457,0.41904511672595457,0.3234972677595629,0.3234972677595629,0.015531820150320768,0.01610918002739551,0.005530017024329802,True,True,True,True,ADHD > Control
T7_P7_beta_connectivity,channel,beta,T7,P7,61,60,0.3156656680042577,0.1797890064712829,0.1358766615329748,0.288432207569487,0.15155365316575375,0.36223146343562485,0.21411245386022457,2386.0,0.003979952969527321,0.41265021859074225,0.41265021859074225,0.30382513661202193,0.30382513661202193,0.02484039612015328,0.02568196067128951,0.009196918348502324,True,True,True,True,ADHD > Control
P4_F7_alpha_connectivity,channel,alpha,P4,F7,61,60,-0.4571337120096442,-0.3905059403407589,-0.06662777166888528,-0.4623471274874589,-0.3679528804444966,-0.5135501792972741,-0.4286431908827072,1320.0,0.00825935614471308,-0.4110578834870587,0.4110578834870587,-0.2786885245901639,0.2786885245901639,0.04564712861658222,0.04707833002486456,0.052804839968310494,True,True,True,False,Control > ADHD
central_temporal_beta_connectivity,regional,beta,central,temporal,61,60,-0.05122575949289031,0.03383032000817423,-0.08505607950106453,-0.038306826195321,0.0626411252886489,-0.05309971222648792,0.03276647100756226,1330.0,0.009613249829504492,-0.40889675481886134,0.40889675481886134,-0.27322404371584696,0.27322404371584696,0.05043473098957429,0.03204416609834831,0.02403312457376123,True,False,True,True,Control > ADHD
T8_P8_alpha_connectivity,channel,alpha,T8,P8,61,60,0.4705729189477975,0.3636351330464451,0.10693778590135239,0.5465865223974529,0.3360849941045392,0.6049067304922051,0.42999540487823124,2337.0,0.008646406544518677,0.40797973585106884,0.40797973585106884,0.27704918032786896,0.27704918032786896,0.04671640550919046,0.04808245590610386,0.052804839968310494,True,True,True,False,ADHD > Control
O1_Pz_alpha_connectivity,channel,alpha,O1,Pz,61,60,0.40689397410980016,0.31464039158276064,0.09225358252703952,0.41160325120466,0.27455086102260606,0.4455882871544968,0.35126296979355237,2507.0,0.00045315889299535344,0.4010302312823729,0.4010302312823729,0.3699453551912568,0.3699453551912568,0.005378476041453047,0.005740012644607811,0.012500212001858947,True,True,True,True,ADHD > Control
O2_T8_alpha_connectivity,channel,alpha,O2,T8,61,60,0.12045985027396668,0.02081897447813057,0.09964087579583611,0.1288077278883329,0.012832087294442799,0.1267137923887018,0.026601418064822423,2339.0,0.008386615072067772,0.39263351418711673,0.39263351418711673,0.27814207650273226,0.27814207650273226,0.04599931297103838,0.04740863396111038,0.052804839968310494,True,True,True,False,ADHD > Control
F4_F8_beta_connectivity,channel,beta,F4,F8,61,60,0.3806422872641994,0.2870937423529967,0.09354854491120274,0.4523380436961528,0.26767531862051896,0.4323672852686525,0.3209620115789199,2334.0,0.009049589277294504,0.3785113853966295,0.3785113853966295,0.2754098360655737,0.2754098360655737,0.04853261212415719,0.04991870214249549,0.019343497080217,True,True,True,True,ADHD > Control
central_temporal_alpha_connectivity,regional,alpha,central,temporal,61,60,-0.114551337557827,-0.019045474735942928,-0.09550586282188407,-0.1082190753644369,0.04041550305029265,-0.12061670810884395,-0.026292588839609988,1340.0,0.011161604259063497,-0.3760038784913294,0.3760038784913294,-0.26775956284153,0.26775956284153,0.056510499885048755,0.03434339772019537,0.02790401064765874,True,False,True,True,Control > ADHD
T7_P8_beta_connectivity,channel,beta,T7,P8,61,60,-0.19258527977857404,-0.1335126666875592,-0.05907261309101483,-0.1926850760437575,-0.11111939900274351,-0.19947350553271834,-0.13895137254141568,1317.0,0.007887882441122838,-0.36063586794237396,0.36063586794237396,-0.280327868852459,0.280327868852459,0.044615835057601055,0.04611377427117967,0.01729266535169238,True,True,True,True,Control > ADHD
