feature_1,feature_2,spearman_r,abs_spearman_r
parietal_delta_power_mean,occipital_delta_power_mean,0.876602086438152,0.876602086438152
parietal_alpha_power_mean,temporal_alpha_power_mean,0.8348326784988483,0.8348326784988483
central_delta_power_mean,parietal_delta_power_mean,0.832834304294811,0.832834304294811
occipital_delta_power_mean,occipital_theta_power_mean,0.8308156076412411,0.8308156076412411
central_theta_beta_ratio,parietal_theta_beta_ratio,0.8299281940116515,0.8299281940116515
frontal_alpha_power_mean,parietal_alpha_power_mean,0.8272456306733504,0.8272456306733504
frontal_alpha_power_mean,temporal_alpha_power_mean,0.8086302669015039,0.8086302669015039
central_alpha_power_mean,parietal_alpha_power_mean,0.7998645170031161,0.7998645170031161
central_beta_power_mean,parietal_beta_power_mean,0.7894187779433681,0.7894187779433681
central_delta_power_mean,occipital_delta_power_mean,0.7876981438829427,0.7876981438829427
parietal_theta_power_mean,occipital_theta_power_mean,0.7842636499119361,0.7842636499119361
parietal_theta_power_mean,temporal_theta_power_mean,0.7840807478661428,0.7840807478661428
frontal_theta_power_mean,central_theta_power_mean,0.7778417558596397,0.7778417558596397
frontal_beta_power_mean,parietal_beta_power_mean,0.7742446822923723,0.7742446822923723
central_alpha_power_mean,temporal_alpha_power_mean,0.7662105405771575,0.7662105405771575
central_theta_power_mean,temporal_theta_power_mean,0.7621663731201734,0.7621663731201734
frontal_beta_power_mean,central_beta_power_mean,0.7480558189947162,0.7480558189947162
parietal_alpha_power_mean,occipital_alpha_power_mean,0.747073567267308,0.747073567267308
central_theta_power_mean,parietal_theta_power_mean,0.746030348191302,0.746030348191302
parietal_delta_power_mean,parietal_theta_power_mean,0.7447635821704376,0.7447635821704376
frontal_alpha_power_mean,central_alpha_power_mean,0.7431919794065844,0.7431919794065844
frontal_delta_power_mean,central_delta_power_mean,0.7368310527028857,0.7368310527028857
central_delta_power_mean,temporal_delta_power_mean,0.73301043219076,0.73301043219076
temporal_delta_power_mean,temporal_theta_power_mean,0.7281872375016936,0.7281872375016936
frontal_theta_power_mean,parietal_theta_power_mean,0.7250846768730524,0.7250846768730524
frontal_theta_power_mean,frontal_alpha_power_mean,0.7166305378674976,0.7166305378674976
central_beta_power_mean,temporal_beta_power_mean,0.7123560493158109,0.7123560493158109
parietal_delta_power_mean,temporal_delta_power_mean,0.7109131553989975,0.7109131553989975
temporal_theta_power_mean,occipital_theta_power_mean,0.7075667253759653,0.7075667253759653
parietal_beta_power_mean,temporal_beta_power_mean,0.7034886871697602,0.7034886871697602
central_alpha_power_mean,central_beta_power_mean,0.7021203089012329,0.7021203089012329
frontal_beta_power_mean,temporal_beta_power_mean,0.7019238585557512,0.7019238585557512
parietal_delta_power_mean,occipital_theta_power_mean,0.7013751524183715,0.7013751524183715
frontal_alpha_power_mean,parietal_beta_power_mean,0.6930768188592331,0.6930768188592331
temporal_delta_power_mean,occipital_delta_power_mean,0.6919455358352526,0.6919455358352526
frontal_alpha_power_mean,occipital_alpha_power_mean,0.6868581493022625,0.6868581493022625
frontal_delta_power_mean,frontal_theta_power_mean,0.6846633247527435,0.6846633247527435
occipital_theta_power_mean,occipital_alpha_power_mean,0.6828275301449668,0.6828275301449668
parietal_alpha_power_mean,parietal_beta_power_mean,0.6819536648150657,0.6819536648150657
central_theta_beta_ratio,temporal_theta_beta_ratio,0.6808630266901504,0.6808630266901504
parietal_theta_beta_ratio,temporal_theta_beta_ratio,0.6796436797181954,0.6796436797181954
frontal_delta_power_mean,parietal_delta_power_mean,0.6766766020864382,0.6766766020864382
parietal_theta_power_mean,occipital_delta_power_mean,0.6679108521880504,0.6679108521880504
central_delta_power_mean,temporal_theta_power_mean,0.6643950684189134,0.6643950684189134
frontal_delta_power_mean,occipital_delta_power_mean,0.6605608996070993,0.6605608996070993
frontal_theta_power_mean,temporal_theta_power_mean,0.6601205798672266,0.6601205798672266
frontal_theta_beta_ratio,central_theta_beta_ratio,0.6596396152282888,0.6596396152282888
frontal_alpha_power_mean,central_beta_power_mean,0.6579799485164611,0.6579799485164611
parietal_beta_power_mean,occipital_beta_power_mean,0.655988348462268,0.655988348462268
frontal_alpha_power_mean,frontal_beta_power_mean,0.650386126541119,0.650386126541119
central_delta_power_mean,occipital_theta_power_mean,0.6490041999729034,0.6490041999729034
temporal_alpha_power_mean,occipital_alpha_power_mean,0.6478390461997019,0.6478390461997019
parietal_theta_beta_ratio,occipital_theta_beta_ratio,0.6469177618208914,0.6469177618208914
central_delta_power_mean,parietal_theta_power_mean,0.6336472022761144,0.6336472022761144
parietal_delta_power_mean,temporal_theta_power_mean,0.6310797994851646,0.6310797994851646
occipital_theta_power_mean,occipital_theta_beta_ratio,0.6224359842839724,0.6224359842839724
frontal_theta_beta_ratio,temporal_theta_beta_ratio,0.622144695840672,0.622144695840672
temporal_theta_power_mean,temporal_theta_beta_ratio,0.617653434493971,0.617653434493971
parietal_beta_power_mean,occipital_alpha_power_mean,0.6157498983877523,0.6157498983877523
temporal_theta_power_mean,temporal_alpha_power_mean,0.6105608996070994,0.6105608996070994
temporal_theta_power_mean,occipital_delta_power_mean,0.6081628505622544,0.6081628505622544
central_beta_power_mean,parietal_alpha_power_mean,0.6046741633924942,0.6046741633924942
central_beta_power_mean,temporal_alpha_power_mean,0.6016528925619835,0.6016528925619835
frontal_theta_beta_ratio,parietal_theta_beta_ratio,0.6012803143205527,0.6012803143205527
frontal_theta_power_mean,parietal_beta_power_mean,0.598225172740821,0.598225172740821
central_theta_power_mean,central_beta_power_mean,0.5920742446822924,0.5920742446822924
frontal_alpha_power_mean,central_theta_power_mean,0.5859368649234521,0.5859368649234521
temporal_theta_beta_ratio,occipital_theta_beta_ratio,0.5833355913832814,0.5833355913832814
parietal_beta_power_mean,temporal_alpha_power_mean,0.5815201192250372,0.5815201192250372
central_theta_beta_ratio,occipital_theta_beta_ratio,0.5810188321365669,0.5810188321365669
temporal_alpha_power_mean,temporal_beta_power_mean,0.5658244140360384,0.5658244140360384
occipital_alpha_power_mean,occipital_beta_power_mean,0.5644966806665763,0.5644966806665763
central_theta_power_mean,temporal_alpha_power_mean,0.5642663595718738,0.5642663595718738
temporal_delta_power_mean,occipital_theta_power_mean,0.5615431513345075,0.5615431513345075
central_theta_power_mean,occipital_theta_power_mean,0.5582576886600732,0.5582576886600732
frontal_beta_power_mean,occipital_beta_power_mean,0.5574041457797047,0.5574041457797047
frontal_delta_power_mean,temporal_delta_power_mean,0.5539832001083864,0.5539832001083864
parietal_theta_power_mean,parietal_beta_power_mean,0.5516393442622951,0.5516393442622951
central_delta_power_mean,central_theta_power_mean,0.5488077496274217,0.5488077496274217
frontal_theta_power_mean,frontal_beta_power_mean,0.5481642053922233,0.5481642053922233
occipital_delta_power_mean,occipital_theta_beta_ratio,0.5457593821975342,0.5457593821975342
temporal_delta_power_mean,temporal_theta_beta_ratio,0.5431919794065845,0.5431919794065845
frontal_theta_power_mean,occipital_theta_power_mean,0.5392561983471075,0.5392561983471075
frontal_alpha_power_mean,temporal_beta_power_mean,0.5336946213250237,0.5336946213250237
parietal_theta_power_mean,parietal_alpha_power_mean,0.5269136973309849,0.5269136973309849
frontal_theta_power_mean,temporal_alpha_power_mean,0.5238043625524996,0.5238043625524996
parietal_theta_power_mean,occipital_alpha_power_mean,0.5211895407126406,0.5211895407126406
central_beta_power_mean,occipital_beta_power_mean,0.5186831052702886,0.5186831052702886
central_theta_power_mean,parietal_beta_power_mean,0.514591518764395,0.514591518764395
frontal_alpha_power_mean,parietal_theta_power_mean,0.5144560357675112,0.5144560357675112
frontal_delta_power_mean,temporal_theta_power_mean,0.5127421758569299,0.5127421758569299
central_alpha_power_mean,parietal_beta_power_mean,0.5123357268662783,0.5123357268662783
frontal_delta_power_mean,parietal_theta_power_mean,0.5095447771304701,0.5095447771304701
frontal_beta_power_mean,parietal_alpha_power_mean,0.5068080205934156,0.5068080205934156
parietal_alpha_power_mean,temporal_beta_power_mean,0.5052770627286276,0.5052770627286276
frontal_theta_power_mean,occipital_alpha_power_mean,0.505256740279095,0.505256740279095
parietal_theta_power_mean,temporal_alpha_power_mean,0.5046741633924943,0.5046741633924943
frontal_delta_power_mean,occipital_theta_power_mean,0.5011380571738246,0.5011380571738246
temporal_theta_beta_ratio,occipital_theta_power_mean,0.4977442081018832,0.4977442081018832
central_alpha_power_mean,temporal_beta_power_mean,0.49685679447229375,0.49685679447229375
central_alpha_power_mean,occipital_alpha_power_mean,0.4968093754233844,0.4968093754233844
frontal_beta_power_mean,occipital_alpha_power_mean,0.49455358352526757,0.49455358352526757
parietal_theta_power_mean,parietal_theta_beta_ratio,0.49319875355642867,0.49319875355642867
frontal_theta_power_mean,parietal_alpha_power_mean,0.4910648963555074,0.4910648963555074
frontal_theta_power_mean,central_beta_power_mean,0.48711556699634195,0.48711556699634195
occipital_delta_power_mean,occipital_alpha_power_mean,0.48546944858420266,0.48546944858420266
central_theta_power_mean,central_alpha_power_mean,0.48087657498983877,0.48087657498983877
central_beta_power_mean,occipital_alpha_power_mean,0.48026690150386125,0.48026690150386125
central_theta_power_mean,parietal_alpha_power_mean,0.4781398184527842,0.4781398184527842
frontal_theta_power_mean,central_delta_power_mean,0.47629724969516324,0.47629724969516324
temporal_theta_beta_ratio,occipital_delta_power_mean,0.4762837013954749,0.4762837013954749
central_delta_power_mean,occipital_theta_beta_ratio,0.47485435577834983,0.47485435577834983
parietal_delta_power_mean,parietal_theta_beta_ratio,0.470681479474326,0.470681479474326
parietal_delta_power_mean,occipital_theta_beta_ratio,0.4695569706001897,0.4695569706001897
temporal_beta_power_mean,occipital_beta_power_mean,0.46810730253353205,0.46810730253353205
frontal_theta_power_mean,frontal_theta_beta_ratio,0.46733504945129384,0.46733504945129384
frontal_beta_power_mean,central_theta_power_mean,0.4664205392223276,0.4664205392223276
central_theta_power_mean,occipital_alpha_power_mean,0.4646524861129928,0.4646524861129928
occipital_beta_power_mean,occipital_theta_beta_ratio,-0.4635957187372985,0.4635957187372985
parietal_delta_power_mean,temporal_theta_beta_ratio,0.46287088470396964,0.46287088470396964
temporal_alpha_power_mean,occipital_theta_power_mean,0.461942826175315,0.461942826175315
central_theta_power_mean,temporal_beta_power_mean,0.4614415390868446,0.4614415390868446
parietal_theta_power_mean,temporal_delta_power_mean,0.46005283836878474,0.46005283836878474
frontal_delta_power_mean,frontal_theta_beta_ratio,0.4596938084270424,0.4596938084270424
frontal_beta_power_mean,temporal_alpha_power_mean,0.4587996206476087,0.4587996206476087
frontal_delta_power_mean,central_theta_power_mean,0.45493835523641785,0.45493835523641785
central_beta_power_mean,central_theta_beta_ratio,-0.4539764259585422,0.4539764259585422
frontal_theta_power_mean,parietal_delta_power_mean,0.451984825904349,0.451984825904349
frontal_theta_power_mean,occipital_beta_power_mean,0.4489635550738382,0.4489635550738382
parietal_alpha_power_mean,occipital_theta_power_mean,0.4486383958813169,0.4486383958813169
frontal_beta_power_mean,central_alpha_power_mean,0.44695163257011244,0.44695163257011244
parietal_theta_power_mean,temporal_theta_beta_ratio,0.4439168134399133,0.4439168134399133
temporal_theta_power_mean,occipital_alpha_power_mean,0.4385042677144018,0.4385042677144018
frontal_alpha_power_mean,temporal_theta_power_mean,0.4377252404823195,0.4377252404823195
parietal_theta_power_mean,occipital_theta_beta_ratio,0.43735943639073294,0.43735943639073294
frontal_alpha_power_mean,occipital_beta_power_mean,0.4361942826175315,0.4361942826175315
frontal_theta_power_mean,occipital_delta_power_mean,0.4359368649234521,0.4359368649234521
temporal_theta_power_mean,occipital_theta_beta_ratio,0.4336810730253353,0.4336810730253353
parietal_beta_power_mean,occipital_theta_power_mean,0.43238721040509415,0.43238721040509415
parietal_theta_beta_ratio,occipital_theta_power_mean,0.4299823872104051,0.4299823872104051
parietal_theta_beta_ratio,occipital_delta_power_mean,0.4242717788917491,0.4242717788917491
parietal_theta_beta_ratio,temporal_theta_power_mean,0.42272049857742855,0.42272049857742855
temporal_beta_power_mean,occipital_alpha_power_mean,0.41336539764259583,0.41336539764259583
temporal_theta_power_mean,temporal_beta_power_mean,0.4128234656550603,0.4128234656550603
frontal_theta_power_mean,temporal_beta_power_mean,0.41209185747188726,0.41209185747188726
frontal_delta_power_mean,frontal_alpha_power_mean,0.40987671047283564,0.40987671047283564
central_delta_power_mean,temporal_theta_beta_ratio,0.4087115566996342,0.4087115566996342
parietal_beta_power_mean,temporal_theta_power_mean,0.40836607505758027,0.40836607505758027
frontal_theta_beta_ratio,occipital_theta_beta_ratio,0.4074922097276792,0.4074922097276792
central_theta_beta_ratio,parietal_theta_power_mean,0.40380707221243733,0.40380707221243733
frontal_beta_power_mean,frontal_theta_beta_ratio,-0.4028790136837827,0.4028790136837827
temporal_delta_power_mean,occipital_theta_beta_ratio,0.40083999458068015,0.40083999458068015
central_theta_beta_ratio,temporal_theta_power_mean,0.3989025877252405,0.3989025877252405
frontal_theta_beta_ratio,temporal_theta_power_mean,0.39792711014767645,0.39792711014767645
central_theta_power_mean,parietal_delta_power_mean,0.3975545319062458,0.3975545319062458
central_beta_power_mean,parietal_theta_beta_ratio,-0.3952919658582848,0.3952919658582848
central_theta_power_mean,occipital_delta_power_mean,0.3934764937000406,0.3934764937000406
frontal_alpha_power_mean,occipital_theta_power_mean,0.3914307004470939,0.3914307004470939
temporal_beta_power_mean,temporal_theta_beta_ratio,-0.3874949193876169,0.3874949193876169
parietal_alpha_power_mean,temporal_theta_power_mean,0.38275301449668064,0.38275301449668064
frontal_delta_power_mean,parietal_beta_power_mean,0.3786072347920336,0.3786072347920336
frontal_theta_beta_ratio,parietal_theta_power_mean,0.37632434629454004,0.37632434629454004
central_delta_power_mean,temporal_alpha_power_mean,0.37325565641511993,0.37325565641511993
frontal_theta_beta_ratio,central_delta_power_mean,0.3730050128708847,0.3730050128708847
frontal_beta_power_mean,parietal_theta_power_mean,0.37240888768459557,0.37240888768459557
frontal_theta_beta_ratio,parietal_delta_power_mean,0.37067470532448177,0.37067470532448177
parietal_beta_power_mean,parietal_theta_beta_ratio,-0.3705459964774421,0.3705459964774421
central_beta_power_mean,temporal_theta_power_mean,0.36981438829426905,0.36981438829426905
central_delta_power_mean,parietal_beta_power_mean,0.3683037528790137,0.3683037528790137
central_theta_power_mean,central_theta_beta_ratio,0.3681343991329088,0.3681343991329088
parietal_theta_power_mean,temporal_beta_power_mean,0.3674027909497358,0.3674027909497358
parietal_delta_power_mean,occipital_alpha_power_mean,0.36721311475409835,0.36721311475409835
central_beta_power_mean,parietal_theta_power_mean,0.36558054464164746,0.36558054464164746
central_theta_beta_ratio,occipital_theta_power_mean,0.3629047554531906,0.3629047554531906
frontal_delta_power_mean,temporal_alpha_power_mean,0.36225443706814797,0.36225443706814797
parietal_alpha_power_mean,occipital_beta_power_mean,0.3610892832949465,0.3610892832949465
frontal_theta_power_mean,central_alpha_power_mean,0.36099444519712776,0.36099444519712776
central_theta_beta_ratio,parietal_delta_power_mean,0.3606015445061645,0.3606015445061645
temporal_delta_power_mean,temporal_alpha_power_mean,0.3587454274488552,0.3587454274488552
parietal_delta_power_mean,parietal_beta_power_mean,0.3579460777672402,0.3579460777672402
central_theta_power_mean,temporal_delta_power_mean,0.3531838504267714,0.3531838504267714
central_theta_power_mean,temporal_theta_beta_ratio,0.3524996612925078,0.3524996612925078
central_delta_power_mean,parietal_theta_beta_ratio,0.3477103373526622,0.3477103373526622
frontal_delta_power_mean,occipital_alpha_power_mean,0.3472564693131012,0.3472564693131012
frontal_beta_power_mean,parietal_theta_beta_ratio,-0.34579325294675517,0.34579325294675517
parietal_theta_power_mean,occipital_beta_power_mean,0.3404416745698415,0.3404416745698415
central_theta_beta_ratio,occipital_delta_power_mean,0.3365871833084948,0.3365871833084948
central_delta_power_mean,central_theta_beta_ratio,0.3317504403197399,0.3317504403197399
central_delta_power_mean,occipital_alpha_power_mean,0.33135753962877657,0.33135753962877657
frontal_delta_power_mean,occipital_beta_power_mean,0.32915594092941336,0.32915594092941336
parietal_delta_power_mean,temporal_alpha_power_mean,0.3272524048231947,0.3272524048231947
parietal_beta_power_mean,occipital_delta_power_mean,0.3267578918845685,0.3267578918845685
parietal_theta_beta_ratio,temporal_delta_power_mean,0.3243666169895678,0.3243666169895678
occipital_theta_power_mean,occipital_beta_power_mean,0.3237840401029671,0.3237840401029671
frontal_theta_beta_ratio,central_theta_power_mean,0.32277469177618207,0.32277469177618207
temporal_alpha_power_mean,occipital_beta_power_mean,0.3203766427313372,0.3203766427313372
central_delta_power_mean,temporal_beta_power_mean,0.3175856929955291,0.3175856929955291
frontal_beta_power_mean,temporal_theta_power_mean,0.31573635008806394,0.31573635008806394
frontal_delta_power_mean,temporal_theta_beta_ratio,0.30662511854762226,0.30662511854762226
temporal_alpha_power_mean,occipital_delta_power_mean,0.30466738924265,0.30466738924265
frontal_beta_power_mean,central_theta_beta_ratio,-0.3035090096192928,0.3035090096192928
central_theta_beta_ratio,parietal_beta_power_mean,-0.2990109741227476,0.2990109741227476
frontal_delta_power_mean,frontal_beta_power_mean,0.2962606692860046,0.2962606692860046
central_theta_power_mean,occipital_theta_beta_ratio,0.2961251862891207,0.2961251862891207
frontal_delta_power_mean,parietal_alpha_power_mean,0.296064218940523,0.296064218940523
parietal_delta_power_mean,parietal_alpha_power_mean,0.29605744479067875,0.29605744479067875
frontal_theta_beta_ratio,occipital_theta_power_mean,0.2936593957458339,0.2936593957458339
central_theta_power_mean,occipital_beta_power_mean,0.2927855304159328,0.2927855304159328
frontal_theta_beta_ratio,occipital_delta_power_mean,0.28786749762904756,0.28786749762904756
frontal_theta_power_mean,central_theta_beta_ratio,0.28578105947703564,0.28578105947703564
parietal_theta_beta_ratio,temporal_beta_power_mean,-0.28263785394932933,0.28263785394932933
frontal_beta_power_mean,occipital_theta_power_mean,0.28239398455493836,0.28239398455493836
central_delta_power_mean,central_beta_power_mean,0.28039561035090094,0.28039561035090094
frontal_delta_power_mean,central_theta_beta_ratio,0.2794878742717789,0.2794878742717789
central_theta_power_mean,parietal_theta_beta_ratio,0.2792372307275437,0.2792372307275437
frontal_theta_power_mean,temporal_theta_beta_ratio,0.2789662647337759,0.2789662647337759
temporal_theta_power_mean,occipital_beta_power_mean,0.27830239804904483,0.27830239804904483
central_alpha_power_mean,occipital_beta_power_mean,0.2782278824007587,0.2782278824007587
parietal_theta_beta_ratio,occipital_beta_power_mean,-0.2772727272727273,0.2772727272727273
central_theta_beta_ratio,temporal_beta_power_mean,-0.2756672537596532,0.2756672537596532
frontal_theta_beta_ratio,temporal_delta_power_mean,0.2750101612247663,0.2750101612247663
central_theta_beta_ratio,temporal_delta_power_mean,0.27495596802601274,0.27495596802601274
frontal_beta_power_mean,temporal_theta_beta_ratio,-0.27491532312694755,0.27491532312694755
frontal_theta_power_mean,temporal_delta_power_mean,0.27106760601544505,0.27106760601544505
central_alpha_power_mean,central_theta_beta_ratio,-0.26850697737433954,0.26850697737433954
central_delta_power_mean,parietal_alpha_power_mean,0.26700989025877253,0.26700989025877253
parietal_alpha_power_mean,occipital_delta_power_mean,0.2663257011245089,0.2663257011245089
central_alpha_power_mean,parietal_theta_beta_ratio,-0.2634466874407262,0.2634466874407262
occipital_delta_power_mean,occipital_beta_power_mean,0.2624508874136296,0.2624508874136296
central_theta_beta_ratio,occipital_beta_power_mean,-0.26161766698279365,0.26161766698279365
central_beta_power_mean,occipital_theta_power_mean,0.2560831865600867,0.2560831865600867
central_alpha_power_mean,temporal_theta_power_mean,0.24893645847446144,0.24893645847446144
frontal_theta_beta_ratio,temporal_beta_power_mean,-0.24829968838910715,0.24829968838910715
frontal_delta_power_mean,temporal_beta_power_mean,0.24791356184798807,0.24791356184798807
frontal_theta_beta_ratio,central_beta_power_mean,-0.247493564557648,0.247493564557648
central_alpha_power_mean,parietal_theta_power_mean,0.24733775911123154,0.24733775911123154
frontal_alpha_power_mean,central_delta_power_mean,0.24545454545454545,0.24545454545454545
temporal_beta_power_mean,occipital_theta_power_mean,0.24517680531093347,0.24517680531093347
frontal_alpha_power_mean,occipital_delta_power_mean,0.24331391410377998,0.24331391410377998
frontal_alpha_power_mean,parietal_delta_power_mean,0.24148489364584744,0.24148489364584744
frontal_delta_power_mean,central_beta_power_mean,0.24045522286952986,0.24045522286952986
temporal_delta_power_mean,occipital_alpha_power_mean,0.23937813304430294,0.23937813304430294
frontal_delta_power_mean,occipital_theta_beta_ratio,0.23540848123560493,0.23540848123560493
temporal_delta_power_mean,temporal_beta_power_mean,0.23525267578918846,0.23525267578918846
central_beta_power_mean,temporal_theta_beta_ratio,-0.23405365126676603,0.23405365126676603
frontal_delta_power_mean,parietal_theta_beta_ratio,0.22347242921013413,0.22347242921013413
parietal_delta_power_mean,occipital_beta_power_mean,0.20639479745291966,0.20639479745291966
frontal_beta_power_mean,central_delta_power_mean,0.2058596396152283,0.2058596396152283
parietal_delta_power_mean,temporal_beta_power_mean,0.20438287494919388,0.20438287494919388
frontal_beta_power_mean,occipital_delta_power_mean,0.2021270830510771,0.2021270830510771
central_alpha_power_mean,temporal_theta_beta_ratio,-0.19846226798536784,0.19846226798536784
parietal_beta_power_mean,temporal_delta_power_mean,0.18945942284243328,0.18945942284243328
frontal_theta_power_mean,parietal_theta_beta_ratio,0.18522557918981167,0.18522557918981167
central_delta_power_mean,occipital_beta_power_mean,0.18131012057986723,0.18131012057986723
parietal_beta_power_mean,temporal_theta_beta_ratio,-0.17541661021541796,0.17541661021541796
frontal_beta_power_mean,occipital_theta_beta_ratio,-0.1730117870207289,0.1730117870207289
temporal_beta_power_mean,occipital_delta_power_mean,0.17123018561170572,0.17123018561170572
temporal_delta_power_mean,occipital_beta_power_mean,0.17106083186560087,0.17106083186560087
frontal_theta_power_mean,occipital_theta_beta_ratio,0.1698889039425552,0.1698889039425552
central_alpha_power_mean,occipital_theta_power_mean,0.1655669963419591,0.1655669963419591
central_beta_power_mean,occipital_theta_beta_ratio,-0.15985638802330307,0.15985638802330307
occipital_alpha_power_mean,occipital_theta_beta_ratio,0.1590638124915323,0.1590638124915323
frontal_beta_power_mean,parietal_delta_power_mean,0.1557038341688118,0.1557038341688118
frontal_delta_power_mean,central_alpha_power_mean,0.15463351849342907,0.15463351849342907
parietal_alpha_power_mean,temporal_delta_power_mean,0.14741227475951768,0.14741227475951768
frontal_theta_beta_ratio,parietal_beta_power_mean,-0.1421758569299553,0.1421758569299553
temporal_alpha_power_mean,occipital_theta_beta_ratio,0.14038070722124374,0.14038070722124374
central_beta_power_mean,occipital_delta_power_mean,0.13947297114212168,0.13947297114212168
central_theta_beta_ratio,parietal_alpha_power_mean,-0.13578105947703564,0.13578105947703564
frontal_alpha_power_mean,parietal_theta_beta_ratio,-0.1261278959490584,0.1261278959490584
temporal_beta_power_mean,occipital_theta_beta_ratio,-0.12580951090638126,0.12580951090638126
central_beta_power_mean,temporal_delta_power_mean,0.12465113128302398,0.12465113128302398
temporal_theta_beta_ratio,occipital_beta_power_mean,-0.12448177753691912,0.12448177753691912
central_beta_power_mean,parietal_delta_power_mean,0.11882536241701666,0.11882536241701666
parietal_alpha_power_mean,parietal_theta_beta_ratio,-0.11719956645440997,0.11719956645440997
frontal_alpha_power_mean,temporal_delta_power_mean,0.11060154450616448,0.11060154450616448
parietal_beta_power_mean,occipital_theta_beta_ratio,-0.11005283836878471,0.11005283836878471
temporal_alpha_power_mean,temporal_theta_beta_ratio,0.1082034954613196,0.1082034954613196
central_delta_power_mean,central_alpha_power_mean,0.10359707356726731,0.10359707356726731
frontal_theta_beta_ratio,temporal_alpha_power_mean,0.09743937135889445,0.09743937135889445
frontal_alpha_power_mean,frontal_theta_beta_ratio,0.09478390461997019,0.09478390461997019
parietal_alpha_power_mean,occipital_theta_beta_ratio,0.09194553583525268,0.09194553583525268
frontal_beta_power_mean,temporal_delta_power_mean,0.08578783362687982,0.08578783362687982
parietal_alpha_power_mean,temporal_theta_beta_ratio,-0.08241430700447094,0.08241430700447094
frontal_theta_beta_ratio,occipital_beta_power_mean,-0.08093754233843653,0.08093754233843653
central_alpha_power_mean,occipital_theta_beta_ratio,-0.08008399945806802,0.08008399945806802
frontal_theta_beta_ratio,central_alpha_power_mean,-0.07671724698550332,0.07671724698550332
frontal_alpha_power_mean,central_theta_beta_ratio,-0.07663595718737298,0.07663595718737298
temporal_theta_beta_ratio,occipital_alpha_power_mean,0.06795149708711556,0.06795149708711556
frontal_alpha_power_mean,temporal_theta_beta_ratio,-0.041898116786343316,0.041898116786343316
central_theta_beta_ratio,temporal_alpha_power_mean,-0.04093618750846769,0.04093618750846769
frontal_theta_beta_ratio,occipital_alpha_power_mean,0.035794607776724024,0.035794607776724024
parietal_theta_beta_ratio,occipital_alpha_power_mean,-0.03239398455493835,0.03239398455493835
parietal_theta_beta_ratio,temporal_alpha_power_mean,-0.03008399945806801,0.03008399945806801
central_alpha_power_mean,parietal_delta_power_mean,-0.023181140766833763,0.023181140766833763
central_alpha_power_mean,temporal_delta_power_mean,0.01684053651266766,0.01684053651266766
central_alpha_power_mean,occipital_delta_power_mean,-0.013385720092128437,0.013385720092128437
frontal_alpha_power_mean,occipital_theta_beta_ratio,0.010777672402113535,0.010777672402113535
central_theta_beta_ratio,occipital_alpha_power_mean,-0.010052838368784718,0.010052838368784718
frontal_theta_beta_ratio,parietal_alpha_power_mean,-0.005134805581899471,0.005134805581899471
